"V1","V2","V3","V4","V5","V6","V7","V8"
3,-3,-3,-3,-3,-3,-3,-3
-3,3,-3,-3,-3,-3,-3,-3
-3,-3,3,-3,-3,-3,-3,-3
-3,-3,-3,3,-3,-3,-3,-3
-3,-3,-3,-3,3,-3,-3,-3
-3,-3,-3,-3,-3,3,-3,-3
-3,-3,-3,-3,-3,-3,3,-3
-3,-3,-3,-3,-3,-3,-3,3
3,-3,-3,-3,-3,-3,-3,-3
-3,3,-3,-3,-3,-3,-3,-3
-3,-3,3,-3,-3,-3,-3,-3
-3,-3,-3,3,-3,-3,-3,-3
-3,-3,-3,-3,3,-3,-3,-3
-3,-3,-3,-3,-3,3,-3,-3
-3,-3,-3,-3,-3,-3,3,-3
-3,-3,-3,-3,-3,-3,-3,3
3,-3,-3,-3,-3,-3,-3,-3
-3,3,-3,-3,-3,-3,-3,-3
-3,-3,3,-3,-3,-3,-3,-3
-3,-3,-3,3,-3,-3,-3,-3
-3,-3,-3,-3,3,-3,-3,-3
-3,-3,-3,-3,-3,3,-3,-3
-3,-3,-3,-3,-3,-3,3,-3
-3,-3,-3,-3,-3,-3,-3,3
3,-3,-3,-3,-3,-3,-3,-3
-3,3,-3,-3,-3,-3,-3,-3
-3,-3,3,-3,-3,-3,-3,-3
-3,-3,-3,3,-3,-3,-3,-3
-3,-3,-3,-3,3,-3,-3,-3
-3,-3,-3,-3,-3,3,-3,-3
-3,-3,-3,-3,-3,-3,3,-3
-3,-3,-3,-3,-3,-3,-3,3
3,-3,-3,-3,-3,-3,-3,-3
-3,3,-3,-3,-3,-3,-3,-3
-3,-3,3,-3,-3,-3,-3,-3
-3,-3,-3,3,-3,-3,-3,-3
-3,-3,-3,-3,3,-3,-3,-3
-3,-3,-3,-3,-3,3,-3,-3
-3,-3,-3,-3,-3,-3,3,-3
-3,-3,-3,-3,-3,-3,-3,3
3,-3,-3,-3,-3,-3,-3,-3
-3,3,-3,-3,-3,-3,-3,-3
-3,-3,3,-3,-3,-3,-3,-3
-3,-3,-3,3,-3,-3,-3,-3
-3,-3,-3,-3,3,-3,-3,-3
-3,-3,-3,-3,-3,3,-3,-3
-3,-3,-3,-3,-3,-3,3,-3
-3,-3,-3,-3,-3,-3,-3,3
3,-3,-3,-3,-3,-3,-3,-3
-3,3,-3,-3,-3,-3,-3,-3
-3,-3,3,-3,-3,-3,-3,-3
-3,-3,-3,3,-3,-3,-3,-3
-3,-3,-3,-3,3,-3,-3,-3
-3,-3,-3,-3,-3,3,-3,-3
-3,-3,-3,-3,-3,-3,3,-3
-3,-3,-3,-3,-3,-3,-3,3
3,-3,-3,-3,-3,-3,-3,-3
-3,3,-3,-3,-3,-3,-3,-3
-3,-3,3,-3,-3,-3,-3,-3
-3,-3,-3,3,-3,-3,-3,-3
-3,-3,-3,-3,3,-3,-3,-3
-3,-3,-3,-3,-3,3,-3,-3
-3,-3,-3,-3,-3,-3,3,-3
-3,-3,-3,-3,-3,-3,-3,3
3,-3,-3,-3,-3,-3,-3,-3
-3,3,-3,-3,-3,-3,-3,-3
-3,-3,3,-3,-3,-3,-3,-3
-3,-3,-3,3,-3,-3,-3,-3
-3,-3,-3,-3,3,-3,-3,-3
-3,-3,-3,-3,-3,3,-3,-3
-3,-3,-3,-3,-3,-3,3,-3
-3,-3,-3,-3,-3,-3,-3,3
3,-3,-3,-3,-3,-3,-3,-3
-3,3,-3,-3,-3,-3,-3,-3
-3,-3,3,-3,-3,-3,-3,-3
-3,-3,-3,3,-3,-3,-3,-3
-3,-3,-3,-3,3,-3,-3,-3
-3,-3,-3,-3,-3,3,-3,-3
-3,-3,-3,-3,-3,-3,3,-3
-3,-3,-3,-3,-3,-3,-3,3
0.878872964531183,-0.173134980257601,-0.651518007274717,0.321861640550196,0.0193631337024271,0.0206925822421908,-0.530809316318482,0.0444277147762477
0.647490964736789,0.0910191601142287,-0.157093627378345,-0.890007643494755,0.839773121289909,0.688727057538927,-0.391079767607152,-0.596339670009911
-0.577691789250821,0.505135885439813,0.325860757846385,0.276681091170758,0.898992069996893,0.971122333779931,-0.140203926712275,-0.235014860518277
-0.816741118207574,-0.560863295570016,0.289980983827263,-0.706027921754867,0.0269304518587887,0.429683506954461,-0.315424507949501,0.812168652191758
-0.0594502463936806,0.399811882991344,-0.410252685192972,-0.555490205064416,0.988822968211025,0.047486855648458,-0.817927557509392,-0.362658423837274
-0.899877164512873,0.930639588274062,-0.03087363159284,-0.547196078579873,0.604294699151069,-0.257566813379526,0.913250011391938,-0.06920550391078
0.941996036563069,0.0642001591622829,0.614930690266192,-0.389317281544209,0.024640551302582,0.352546283509582,0.536572969518602,0.0810649190098047
0.566311071161181,-0.498979462310672,-0.0942697823047638,-0.66014466388151,-0.526925036683679,0.137353192549199,-0.519638519734144,-0.230254348833114
-0.352019095327705,0.0428939643315971,0.749920999631286,-0.927733820397407,0.129399829078466,0.52808767510578,0.0943716764450073,0.239948071539402
0.22297289269045,0.421414957381785,-0.0999515834264457,0.181799652054906,-0.972755056805909,-0.317171807400882,0.0868669459596276,0.686014365870506
0.426036151591688,-0.539035138208419,0.0141186383552849,-0.235796593129635,-0.514076681807637,-0.614298379980028,0.434535763692111,-0.257621677126735
-0.328006430529058,0.191503028851002,-0.79048496298492,-0.693617940880358,-0.928117228671908,0.587762404698879,-0.699907766655087,0.835753621067852
-0.624925675336272,0.666174966376275,-0.646511687897146,-0.34744822466746,0.93746522674337,-0.760681370273232,-0.837146308273077,-0.546179828234017
-0.206195219419897,0.421500235330313,0.543733667582273,0.881617180537432,-0.636007146444172,-0.667039909865707,-0.568383707664907,-0.415816683322191
-0.354659331962466,0.675035340245813,-0.386955162044615,0.645738806109875,0.306997667532414,-0.887041348498315,0.481209532357752,0.371816312894225
0.631912724580616,0.407874294091016,0.548908704891801,-0.198552460875362,-0.62453704001382,-0.889434314332902,-0.670248252339661,-0.16412411024794
-0.53113590599969,0.14856748143211,0.779700900893658,-0.838888019323349,-0.594161723274738,-0.497571754269302,0.967535832431167,-0.294430101756006
0.250813020393252,-0.111577908974141,0.29914179071784,0.708436407148838,-0.85506740398705,-0.658651348669082,0.303071177564561,0.686884616501629
-0.0551784499548376,0.215135842096061,0.773866022471339,0.794514753390104,-0.885139536112547,0.384075607173145,-0.661021173465997,-0.198734027333558
-0.0885995980352163,-0.28331603249535,-0.516630151309073,0.906483670230955,-0.077551316935569,0.19764392497018,0.911942557897419,-0.603006100282073
0.856600623577833,0.773777168709785,-0.910543878097087,-0.187782253604382,0.390175553504378,0.921071347780526,0.608752747066319,0.388988782186061
0.441466243937612,-0.429538906551898,-0.356537287589163,-0.670918819028884,0.837244572117925,-0.2848224430345,0.696950981393456,-0.619952233042568
0.148908622562885,0.149638464208692,0.0754440082237124,-0.639442663639784,-0.85192714817822,0.258139740675688,0.981652277056128,0.205868920776993
0.840475487988442,0.843292944598943,-0.888256615493447,0.308767665177584,-0.172718470916152,-0.892719794530421,-0.782780061941594,0.610114166047424
0.693229914177209,0.950295547954738,0.554023161064833,0.851082139182836,-0.749598095193505,-0.199343085754663,-0.367576200049371,0.72983687883243
-0.202868627384305,-0.0357339046895504,0.0603525429032743,-0.875906398985535,-0.398951852694154,0.438216471113265,0.929613166488707,-0.917628958821297
-0.446038806810975,0.110322210006416,0.982076928950846,-0.0109319486655295,-0.853552847635001,-0.944744114764035,-0.765878072474152,-0.0187804908491671
0.0390531499870121,0.290487548802048,-0.796412240248173,0.937833223491907,-0.574583251960576,-0.0836508017964661,-0.64679897017777,-0.637980998493731
-0.0893356841988862,-0.885578447487205,-0.0348587166517973,-0.404163526836783,-0.322955033741891,-0.898731423541903,0.204808298964053,-0.0611013355664909
-0.367033838760108,0.351281578652561,0.353269875049591,-0.662234422750771,0.141133771277964,0.167961724568158,-0.366693143267184,-0.908511262387037
-0.645009696017951,-0.574561323970556,0.0534963519312441,0.581944720819592,0.916237665805966,0.981321588158607,0.193725589197129,0.582019954454154
0.030924417078495,-0.27363353734836,-0.482899022754282,-0.607019271701574,0.934237704146653,-0.729986356571317,0.579702574759722,-0.828848983161151
0.548733220435679,0.779181241523474,0.123412753921002,-0.262545891106129,-0.408641652204096,0.696148947346956,0.817021920811385,-0.913459878414869
-0.408150617033243,0.917352471966296,0.840029165148735,-0.459585993085057,-0.779044299386442,0.184475805144757,-0.517783465795219,0.135965683497488
-0.0896595064550638,-0.285137575585395,-0.405878416262567,-0.849890660960227,0.71651828661561,0.715729630552232,-0.818101187236607,0.951739569660276
-0.214134514797479,0.169487018603832,-0.974467867985368,0.228401341941208,-0.873219064902514,0.475480298977345,-0.970308158081025,0.973072713240981
-0.0511021697893739,-0.129158969968557,-0.93259641667828,0.937297230120748,-0.331657445058227,0.46617286093533,0.341490505728871,-0.614180136937648
-0.79372298810631,0.890225797425956,-0.757759996224195,-0.773287356831133,0.472061432432383,-0.0915781250223517,-0.106284707318991,-0.171220121439546
0.184452355373651,0.424847356975079,0.45186332706362,0.042416107840836,0.686604160349816,0.265386272221804,0.264098722953349,0.857572608627379
-0.627688556909561,0.762769995257258,0.970444128382951,-0.515348054468632,-0.287449035327882,-0.424929444212466,0.415396231692284,0.590200423728675
-0.74428727151826,-0.610610824078321,0.0680089723318815,0.03857362549752,-0.706927504856139,0.18331888364628,0.80601162975654,-0.219417499378324
0.963778330013156,-0.75562137644738,0.993293647188693,-0.495705345179886,0.0916021829470992,0.877238379325718,0.652624681126326,-0.0913560185581446
0.607354959007353,0.784519109409302,-0.308318045921624,-0.805129881482571,0.322935584001243,-0.864005499519408,-0.556097500491887,0.928704178426415
0.739092514384538,-0.291382959578186,-0.875563328620046,-0.324794761370867,0.404508469626307,0.384267240297049,0.884236282203346,0.465747134760022
-0.436985929496586,0.557177519891411,-0.894211127888411,-0.716280015651137,0.573646220844239,-0.483686863910407,0.276866907719523,0.226785101927817
-0.915591796860099,-0.223538168706,-0.137264553457499,0.245638542808592,0.913347928319126,0.263556933496147,0.80984280211851,-0.800800033845007
0.380360645707697,-0.723143953830004,-0.0182741521857679,-0.016381205059588,0.857990685384721,-0.732923124916852,-0.747833967208862,-0.204466374125332
0.525885053444654,0.838863788172603,0.0705910199321806,-0.409449965227395,0.467335226014256,0.154060863889754,-0.841560982633382,0.954808240756392
-0.552780035883188,0.0538193369284272,0.315463881008327,-0.521359459031373,0.12445640610531,0.321567584294826,-0.249996545724571,0.322050355374813
-0.332411522511393,0.709084752481431,-0.584324179682881,-0.446008330211043,0.470971504226327,-0.625423545017838,0.0169409331865609,0.512432447634637
-0.267187183257192,0.891537115909159,0.38927992247045,0.694140069186687,-0.00483418442308903,0.200744693167508,0.257071254309267,0.217632717918605
-0.645249456167221,0.500941630452871,0.422864905092865,-0.544673611409962,-0.0706565696746111,0.465589227154851,0.784207498189062,-0.242595436051488
-0.964475555811077,0.782136612106115,0.88741283910349,0.720904771704227,0.395470607094467,-0.108239532914013,0.0586519218049943,0.526272851042449
0.68832570919767,-0.575240119360387,0.146681364625692,0.0704319975338876,-0.581962469499558,-0.730326746590436,0.289776395540684,0.0134311239235103
-0.237120970152318,-0.295396632049233,0.704582899343222,0.420946730300784,-0.583243523258716,0.0766294845379889,-0.311886875424534,-0.295476724859327
-0.988950876053423,-0.489639522973448,-0.377700602635741,0.487736253067851,0.973521408159286,0.166369373444468,-0.635167816188186,-0.77457691077143
-0.796763084828854,-0.822941221296787,-0.705332979094237,0.887437514960766,0.395637870766222,0.470757100731134,0.298722929321229,0.739394225180149
-0.130236250348389,0.47154493862763,0.463460071478039,-0.512390660122037,0.977730188518763,0.573278870433569,-0.603492464404553,0.106526490766555
-0.220266324467957,0.284827468916774,-0.57082285406068,0.204257463105023,-0.409184596966952,0.166753250639886,-0.12398452591151,0.274017810821533
0.19137097755447,-0.860010905191302,-0.49005312146619,0.259923648554832,-0.428497733082622,-0.833378156181425,0.873809792567044,-0.456590495537966
-0.161722545977682,-0.283839485608041,0.359713446814567,0.794197659473866,0.522208188194782,-0.844482007436454,0.116371524054557,0.147056386806071
-0.502653240226209,0.519836843479425,0.946095645893365,0.649982730392367,0.543264382984489,0.647100880742073,-0.754647019319236,-0.270581003744155
-0.178498497232795,0.830761054065078,0.420302648097277,0.752009156160057,0.967578815761954,0.449745357036591,-0.796868169214576,0.49945618538186
0.798751396127045,-0.11613648571074,0.66104572545737,-0.161069639958441,0.688139603007585,0.236992806196213,0.252358396071941,-0.37528021633625
0.271430057007819,0.229633645154536,-0.504114849958569,0.905757293570787,0.519800999667495,-0.631873740814626,-0.686132417991757,0.526038932614028
0.447678650729358,0.740789392031729,-0.202919460833073,-0.627808676566929,-0.559406480751932,-0.921792156994343,0.998657631222159,-0.786633612122387
0.0258212913759053,0.522662717849016,-0.994809386320412,0.471081107854843,0.983731507789344,-0.608791126869619,-0.207577675580978,0.653793994802982
0.289410730823874,-0.420162392314523,0.234840270597488,-0.0807855185121298,0.108942535705864,0.550576945766807,0.460765182040632,-0.194627694785595
0.320782587397844,-0.651632710359991,-0.721895004622638,-0.759783207904547,-0.353889242280275,0.188670864794403,-0.646185006015003,-0.968069990165532
0.395469857845455,-0.966758925002068,0.595585712697357,-0.173208521213382,0.549538088031113,-0.125245818868279,0.700176959857345,-0.240148051641881
-0.123453402426094,-0.734747887123376,-0.48888197215274,0.575664347503334,-0.21791765652597,-0.156628110446036,0.772826237138361,0.82575047435239
0.223401715513319,-0.0265252934768796,0.283155135810375,-0.622912490274757,0.250259425491095,0.381824978627264,0.674138366710395,0.519630414433777
0.669687882531434,0.474161881022155,-0.667599852662534,0.773706440348178,-0.638208669610322,0.33674943074584,-0.284013899974525,0.946461942046881
-0.839078712277114,0.909581255633384,-0.859941621311009,-0.164606265258044,-0.261187101714313,-0.713192512281239,0.510692499112338,0.332301051355898
0.0963803604245186,-0.182835043873638,0.32021987484768,-0.414145866408944,-0.199858593288809,-0.640705965459347,-0.0997223369777203,-0.982028558850288
0.392526465002447,-0.817870679777116,0.52444522920996,0.994030771311373,0.863898050505668,0.455053221900016,-0.231358273420483,-0.470725502818823
0.150043322239071,-0.828748708125204,-0.640023719519377,0.763126263394952,-0.821358839981258,0.206819066312164,-0.94487362075597,-0.394433803856373
-0.362375400960445,0.800374309998006,-0.480542120989412,-0.0259694382548332,-0.226812016218901,-0.757794974837452,-0.176833430305123,0.618832974694669
-0.426486861892045,-0.549695479217917,-0.346074846573174,-0.421904757618904,-0.551338492427021,-0.020641352981329,0.704810949508101,-0.962193098850548
0.626757063902915,0.266945366747677,-0.336144948843867,-0.327837692573667,0.541871462482959,-0.734045115765184,-0.408958374988288,-0.000726844649761915
0.381809260696173,-0.739663711283356,-0.575420770794153,0.522322200704366,-0.0475237551145256,-0.689025157596916,-0.822497483808547,0.699683047831059
-0.326068154070526,0.0027254312299192,0.109176287427545,0.309014494996518,-0.998522339854389,0.643248260486871,0.179344840347767,-0.562232634983957
-0.918544475454837,-0.173629788681865,-0.690983480773866,0.961955890990794,0.0737580456770957,-0.587383300065994,-0.779641780536622,-0.387339279986918
0.817223877180368,-0.53954820195213,-0.852424793411046,-0.6098393779248,0.107120797038078,0.39216706994921,0.422399582806975,-0.523400979116559
0.670702117495239,-0.106840924359858,0.689888891298324,-0.0658914274536073,-0.317754643969238,-0.976468265522271,-0.521647672634572,0.0985213182866573
0.297788812313229,-0.463151564821601,0.652945184614509,0.692433289252222,-0.936644427943975,0.147996513172984,0.123771435581148,0.0908057992346585
-0.0192134859971702,-0.586654576938599,-0.485281180590391,-0.766519511584193,0.0510309203527868,-0.358969471417367,-0.272636478301138,-0.557423963677138
-0.654230003710836,-0.0737084862776101,-0.740996941458434,0.92818968417123,-0.891134300269186,0.0729082659818232,0.235137908253819,-0.501765474677086
0.500758992973715,0.363311702385545,0.0304844109341502,-0.990807116031647,-0.582268239464611,0.56856229994446,0.934989355504513,0.151473795995116
0.962929664179683,0.770071783103049,0.0473229652270675,0.443737603258342,-0.90528180450201,0.969856146723032,-0.292520043440163,0.330835052300245
-0.522487841080874,-0.61529295053333,0.146048254333436,0.32397334696725,-0.0686604003421962,-0.798527964856476,-0.887387309689075,0.223154574166983
0.854671807959676,-0.477916421834379,0.383825181983411,-0.438572234474123,-0.565153196454048,0.419355624821037,-0.761591513641179,-0.0212404197081923
0.983024256303906,-0.817234531510621,0.348531141877174,0.104991420172155,0.20819181855768,0.281214483547956,-0.30469873920083,0.461508960463107
-0.915288988035172,-0.646463289856911,0.784435848239809,-0.562879165168852,0.392293732613325,0.456028776243329,0.823388338088989,0.29333148477599
-0.36409501126036,0.0562543412670493,0.241826411802322,0.381521252449602,-0.809069648850709,-0.451153414789587,-0.914015777874738,0.00722196837887168
0.727995345368981,0.382542338222265,-0.414477549958974,-0.782523946370929,0.68296815128997,0.493736646603793,-0.48586129816249,-0.546855078078806
-0.0603999523445964,0.357419016771019,0.224247241392732,0.171832458116114,0.722603333182633,0.656935025006533,0.677804474253207,-0.937932312022895
0.932496398221701,-0.622143429238349,0.599364952649921,-0.574194181710482,0.494408837053925,-0.170449928380549,-0.820288633927703,-0.618850717321038
-0.398218302521855,0.227539900224656,0.493662311229855,0.042832309845835,0.694716285914183,0.201512273866683,-0.0455504399724305,0.247017290908843
-0.826622535008937,0.925143307074904,0.173912366852164,-0.803697896655649,0.575982289388776,-0.0876371189951897,0.132253350690007,0.73176889680326
0.64557851664722,-0.996085124555975,-0.259336465969682,-0.050693825352937,-0.456931619439274,0.0722621874883771,-0.764284576289356,-0.188114228192717
0.450505060143769,-0.151270696427673,-0.860227222554386,-0.827892108354717,-0.822642493061721,0.287542684003711,-0.485429096035659,0.467607418075204
-0.71195093402639,-0.980440475512296,0.864195473026484,-0.535995116457343,0.0695625678636134,-0.948358832392842,0.935624940320849,-0.664733157027513
-0.030183594673872,0.441327335778624,-0.180202691350132,0.396468427032232,-0.977077027317137,0.348653503227979,0.778241944033653,-0.464879605919123
0.422495720442384,-0.916528803296387,0.136633384972811,0.866400775499642,0.86001020250842,-0.867415350861847,0.875237507279962,0.605863604228944
-0.815468402579427,-0.341725134756416,0.26284913579002,0.734870401211083,-0.990179421845824,0.524837852921337,0.81141152465716,0.367088511120528
0.632268427871168,0.590633852407336,0.151599987410009,-0.237981240265071,0.980785173363984,-0.586750977672637,0.0369125120341778,-0.48660894529894
-0.555106786545366,0.667188179213554,-0.0498804077506065,0.280434474814683,-0.127132514026016,0.804643679410219,-0.305782318115234,0.419778254348785
0.677799334749579,-0.703995316755027,-0.220227118581533,0.606687307823449,-0.955358859151602,0.0398862743750215,0.963834604714066,0.358446838799864
-0.686215152498335,-0.00132656004279852,0.844915872439742,-0.43689493695274,-0.221594640053809,0.993369846139103,0.0178428180515766,-0.664381667040288
0.298731048591435,-0.619618384633213,0.561671900562942,-0.312131059356034,-0.466854493599385,0.762788671534508,-0.086033780593425,0.797035545576364
0.512779993936419,-0.932081549428403,-0.756204778794199,-0.951491661369801,0.417131321504712,0.372919366229326,0.352296205237508,0.696400019340217
-0.271095992531627,-0.311130590271205,-0.26301246508956,-0.524516731034964,0.350847967434675,-0.654713992029428,-0.922697255853564,-0.647691349498928
0.86327700316906,-0.609077676665038,-0.523986759129912,-0.701470765750855,0.382700429763645,0.614906909875572,0.704440555535257,-0.216337974648923
-0.410933473147452,-0.795269531197846,-0.00840115966275334,-0.966944629326463,-0.304788784589618,0.839946510270238,0.70113591523841,0.897400374058634
-0.308646496850997,0.103736270219088,-0.28240512451157,-0.760535878594965,0.905311970040202,-0.355581898707896,0.567404478322715,0.76303157908842
-0.144853270146996,0.110223000403494,-0.110656541306525,0.414449100382626,0.009289993904531,0.253259790595621,0.324550228659064,0.165528878103942
0.225517183542252,-0.13209749571979,0.799337119329721,-0.46123011643067,0.292168346699327,-0.203786489088088,0.114880772773176,-0.370273527223617
-0.0472865565679967,0.763417305890471,-0.0426393304951489,0.172135670203716,-0.176650675944984,-0.799751623533666,-0.707840960472822,-0.496344541665167
0.337167324498296,0.35372118698433,-0.0817202902399004,0.562437310349196,0.182799051515758,0.13275431888178,0.197083570994437,0.628882726188749
-0.95399930421263,-0.965189438313246,0.816315680276603,0.123331683222204,-0.765244481153786,0.804776221513748,-0.580434743780643,-0.864455981180072
-0.741428214125335,0.984146504662931,-0.460403939709067,0.976641898509115,0.211338747292757,0.212301456835121,0.106704169418663,-0.792323096189648
0.74375508306548,0.20565771125257,0.677713146433234,0.788531204219908,-0.0899554258212447,-0.286791204009205,0.960499771870673,-0.851256016176194
0.408803654834628,-0.561008902266622,-0.402426905464381,-0.962690723128617,-0.78039853554219,-0.0698313573375344,0.0231129489839077,0.122075252234936
0.500828909687698,0.655630435328931,0.904000588692725,0.380730284377933,-0.430106017272919,0.383594393730164,0.757685498334467,0.00618403404951096
0.0323791354894638,-0.46885562222451,-0.480064598377794,0.992043103091419,-0.525051516480744,-0.391144442372024,0.251736948266625,-0.966151034459472
0.165148351807147,-0.464716298040003,-0.965984139591455,-0.242736853193492,-0.992546759545803,0.557862095534801,-0.647439505439252,0.765778271947056
-0.630898769013584,0.9183189580217,0.268759979866445,-0.499736308120191,-0.383489397354424,0.408583878073841,-0.729223627131432,0.624101314693689
-0.0461284192278981,-0.00726124225184321,0.112509887199849,-0.417151248082519,-0.153144711162895,-0.127622595988214,-0.0506503065116704,0.868606807664037
-0.474322910886258,-0.0409912867471576,0.346887963358313,-0.570204316172749,0.780359211843461,-0.0910773612558842,0.98414595099166,0.847239437513053
0.62857718905434,0.397093524225056,-0.141124815680087,0.279321285430342,0.508441426791251,0.729612191207707,0.863319125957787,0.72360224230215
0.5079624960199,0.665498315356672,-0.254215088672936,-0.619789637159556,-0.332400600425899,-0.436249539721757,-0.433909188490361,-0.42452930053696
-0.181026445701718,0.929122071713209,0.234208243433386,0.721364723984152,0.891308191698045,0.7642054380849,-0.668157950043678,0.597113474272192
-0.0172726409509778,-0.868500134442002,-0.290958611760288,0.151227061636746,0.878660117276013,0.859829425346106,-0.387243139091879,-0.447935842908919
-0.950661252718419,-0.944190454203635,0.745477551594377,0.599730755202472,0.772381172981113,0.993286148179322,-0.938543992582709,-0.511462839320302
-0.353170718532056,-0.949087590910494,-0.421705496031791,0.65652850177139,0.109570550732315,-0.519730309955776,-0.468127334490418,-0.442428105976433
-0.548856760840863,0.157957901712507,0.100851860363036,-0.208589869085699,0.541208615992218,-0.592863955534995,0.110851475503296,0.160177887417376
-0.780462463386357,-0.539808298461139,0.689383742865175,0.898990051820874,-0.977682110853493,-0.110875229816884,0.299627925269306,-0.291541928425431
0.799508192576468,0.217824391555041,-0.37299756007269,-0.601749201305211,0.190624122042209,0.90023251529783,-0.45000989176333,0.981433982495219
-0.965328367892653,-0.960710096172988,-0.792148269247264,0.878410099539906,-0.215985652059317,-0.819412155076861,-0.0593324243091047,0.334496781695634
-0.659361775498837,-0.597000598907471,-0.684540243819356,-0.328225395642221,0.707554882857949,0.15492139197886,-0.660902981646359,-0.0939328926615417
-0.114491399843246,0.360783765092492,-0.562219549901783,-0.361000973731279,0.829729053191841,0.787700203247368,0.977959606796503,0.594924863427877
0.895277857780457,0.957602518610656,0.925609335768968,0.210990021470934,0.926921921782196,-0.756960068829358,-0.828232430387288,0.137276744004339
-0.525874584447592,-0.157065553590655,0.59907201398164,0.630898370873183,-0.780595562420785,0.520908569451421,0.139122081920505,-0.768127399496734
0.990681481547654,0.332153907511383,-0.614137195050716,0.246317643206567,0.832797802053392,-0.0430008857510984,-0.910907068289816,-0.439069723244756
0.598503104876727,-0.633991009555757,0.528465895913541,0.133600316941738,-0.576835445128381,0.942245801910758,0.630172878503799,0.211005547083914
0.111062286421657,0.712647687643766,-0.668239935766906,0.667166962753981,0.487393540330231,0.343871550168842,-0.527302200905979,-0.229845972266048
0.620573237538338,-0.181383941788226,-0.508029213175178,-0.245026690419763,-0.0605381014756858,0.248248714022338,-0.00740473624318838,-0.168168734759092
-0.823214740026742,-0.455367736518383,-0.770975218620151,-0.397523005492985,0.942005426622927,-0.158372505567968,0.862505131401122,-0.0250113937072456
-0.688633884303272,-0.499787158798426,0.63793760817498,-0.568479083478451,-0.0395708084106445,0.745005557779223,0.872986213769764,-0.337793860584497
0.575669600162655,0.717344478704035,-0.286614811513573,-0.00458325911313295,0.205482443794608,0.963157237507403,0.612420463003218,0.113464392721653
-0.832699256949127,-0.459929847158492,0.1106549189426,0.177237844094634,-0.523931611329317,0.246434316504747,-0.660511334892362,-0.793210476636887
-0.880052949301898,-0.523750476539135,0.0109894005581737,0.659354577772319,-0.740316133480519,0.429750251583755,0.6389295225963,-0.713803021237254
0.870598470792174,0.924653133843094,0.260566520970315,-0.370889792218804,-0.711816651280969,0.663388176355511,0.158297762274742,-0.650748310610652
0.357151673175395,-0.141952475998551,0.813194602262229,0.52587773045525,-0.731011079158634,0.672091759741306,-0.239304701797664,0.15713761234656
-0.692209447268397,0.624804708175361,0.392671295441687,0.243921893183142,0.0708706714212894,0.894568080082536,0.614697876386344,0.964981249999255
0.0418135821819305,0.382755945436656,0.375352046918124,-0.397967156022787,-0.465247900690883,0.71517936186865,0.173726080916822,0.433237288612872
-0.941643483005464,0.791646600235254,-0.52509384881705,-0.488786986097693,0.227512848097831,0.137139813043177,0.905298689845949,0.948832200374454
-0.160108140204102,-0.158183999359608,-0.770783779211342,-0.271598697640002,-0.87393106892705,-0.81931456644088,0.662565944250673,0.321283489465714
0.668265183921903,-0.0609730873256922,0.71227873954922,0.950894874054939,0.265520651359111,0.998186940327287,0.111064421012998,-0.864865272771567
0.758343504276127,0.0716291931457818,-0.617640536278486,-0.767371769528836,0.723837027791888,0.646992658264935,-0.106549088377506,-0.400648957584053
-0.59253260679543,0.163952745497227,-0.891305468976498,0.912076992448419,-0.752309717703611,0.314882363192737,-0.876770087052137,0.703620222397149
0.623759676702321,0.685059831477702,0.0891401474364102,0.392024810425937,-0.121538613922894,0.81896355887875,-0.227577166631818,0.369663367979228
0.988158957101405,0.174095741007477,-0.833747468423098,-0.673276386223733,0.634570767637342,0.875801709014922,0.696082659531385,0.309966672677547
-0.81245906278491,-0.938923554029316,0.870032836683095,0.0320160086266696,0.206573280971497,0.828789270017296,-0.401991992257535,-0.99920059600845
0.0308641255833209,-0.0138256680220366,-0.666123818140477,-0.380826274398714,0.606442793738097,-0.806643471121788,0.851111791562289,-0.973088215570897
-0.899668969679624,0.400267014745623,0.293499250896275,0.51277814572677,0.585602533537894,0.224820124451071,0.670028764754534,0.561597458552569
-0.751566458959132,0.683556371368468,0.935717246029526,0.362438604235649,-0.839471944607794,-0.302810010965914,0.355975757818669,0.630913986358792
0.710514232516289,-0.393186542205513,0.805465632118285,0.599232725799084,-0.976541197858751,-0.648494756780565,0.646023542620242,-0.641627120785415
-0.411049258895218,0.706410222686827,0.18372692912817,-0.037206553388387,-0.837304467801005,-0.618182458914816,-0.731207098346204,-0.700785834807903
0.228247710037977,0.774078753311187,0.989603538997471,-0.487558235879987,-0.701898240949959,-0.939876398537308,-0.0947882700711489,0.449239916633815
-0.771953508723527,0.269790389575064,0.803080518729985,0.433770602103323,0.465738996863365,0.756763799581677,0.820322550833225,-0.927375256083906
-0.310868149157614,-0.39190554106608,-0.683668312150985,0.554372957907617,-0.653891967609525,-0.740477645304054,-0.300611326936632,0.508991158567369
-0.651514160446823,0.350587030872703,-0.929794245865196,0.256636085454375,0.0133532867766917,-0.00503468187525868,-0.328753698151559,0.265645774547011
0.786167460493743,0.724562373477966,0.576675730757415,0.768875752110034,0.734263382386416,-0.426909372676164,0.231626511085778,0.109065437223762
-0.878611587919295,-0.888414951041341,0.3915955144912,0.341259409207851,-0.616348749492317,0.446682616136968,-0.913189116399735,0.078775045927614
-0.828189851716161,0.377171005588025,-0.699792339466512,-0.970594513230026,0.466758609283715,0.875762009527534,-0.732452298980206,0.663937410805374
0.889216982759535,0.276481296867132,-0.65105993533507,0.172501931898296,0.442926327232271,0.718425534665585,-0.991415411233902,0.0780021818354726
-0.850532046984881,-0.191707178484648,0.828022573608905,-0.118532959837466,0.955731158144772,0.976534725632519,-0.528249403461814,-0.628129525110126
0.269116882234812,0.948156432248652,0.487401606980711,0.52905954234302,0.0851733232848346,0.161268203053623,-0.723519059363753,-0.137491954956204
0.822518150322139,0.96565920393914,-0.181302897166461,0.1935711549595,-0.936010710895061,-0.804928339552134,-0.0577987008728087,-0.876733269076794
-0.150811694562435,0.272055075503886,0.92143889144063,0.956322679296136,-0.938411223236471,0.0237383008934557,0.848128892481327,0.2143012159504
-0.952130864840001,0.765418482478708,-0.211156811099499,-0.16711093718186,0.141959737055004,-0.0984644773416221,0.0396028533577919,0.455619899556041
-0.487899518106133,-0.799606230575591,-0.115929692983627,-0.0823513362556696,0.725770467892289,-0.813142040744424,-0.600273452699184,0.403015286196023
-0.785375985316932,0.629352509975433,0.291365804616362,0.240835545584559,-0.26263850228861,-0.244452330283821,-0.560801425017416,0.957744953222573
-0.744355877395719,0.189514627680182,-0.581698252353817,0.477068513166159,-0.350021635182202,-0.931153543759137,-0.523269520606846,-0.414592328015715
-0.0828616949729621,0.614901558961719,0.673178166151047,0.17161204572767,0.13886786904186,-0.625271464232355,0.44954290939495,-0.705971047282219
-0.442643109709024,-0.137991160620004,-0.324595716316253,-0.966075130738318,0.10036502359435,-0.944144402630627,0.0132093131542206,-0.3250278881751
0.536425075959414,0.90231421077624,0.977468793746084,-0.495049886405468,-0.237315544858575,0.283852842170745,0.0896030515432358,-0.111754284705967
0.14637674158439,0.991567412856966,-0.562340573873371,-0.299478703178465,-0.345578460022807,0.633117162622511,0.577116867527366,-0.475755248684436
0.351379624102265,0.851720666978508,0.405499062966555,-0.664826903026551,0.311507334467024,-0.68174394685775,0.978384176734835,-0.754667428787798
-0.324309234973043,0.763198155444115,-0.93503401055932,-0.628016752190888,0.300310491584241,-0.882026191800833,-0.718149959575385,0.222080909647048
0.226714150980115,0.543486692477018,0.382101404946297,-0.803819396533072,-0.1597237479873,0.157632182352245,0.81142455805093,-0.724457082804292
-0.611925533972681,-0.225143078714609,-0.604200441855937,-0.0824420172721148,-0.0407126150093973,0.161153169348836,-0.630293695256114,-0.173320570960641
-0.717038761824369,-0.509925430640578,0.12246950622648,0.509840992279351,-0.484549556393176,0.560882980935276,-0.255941273644567,0.66477105114609
-0.726179413031787,0.88226759666577,-0.126345615368336,0.670069171581417,0.50919351214543,0.64583703642711,-0.0186884328722954,-0.857683736365288
0.483495194464922,-0.571296248119324,0.0659681688994169,0.972002047579736,-0.0251435777172446,-0.651536598801613,-0.246197316795588,-0.760071713943034
-0.217084606178105,0.170936970971525,-0.157748562749475,0.893989706411958,-0.545156038831919,-0.782904215622693,-0.140412056352943,-0.586529603693634
0.235183773096651,-0.206741147208959,-0.887255548965186,-0.0790722100064158,0.789935638662428,0.490210279356688,0.478812757879496,-0.99229408800602
0.358310575131327,-0.736031523905694,0.47027646144852,0.383862159680575,-0.945961474906653,0.516828059218824,0.549378430005163,0.238181072752923
-0.573965056799352,-0.316665456164628,-0.873873193282634,-0.433372274506837,0.633742015808821,-0.0984554057940841,-0.5577647453174,0.084111403208226
-0.548287118319422,-0.602845503948629,0.874805728904903,0.853548888582736,0.473246514331549,-0.889144464861602,0.567021021153778,-0.465279814787209
-0.0234172553755343,0.159544637892395,0.915320230647922,-0.619422317948192,-0.505278029013425,0.651302164886147,0.737038009800017,-0.00388921424746513
-0.372613437939435,0.31341999117285,0.177276351023465,-0.322382793296129,0.98654178949073,-0.826643841806799,-0.222852727398276,0.940822436474264
0.970760010648519,-0.535799381323159,0.162091346923262,0.731933414470404,-0.8769481186755,-0.228326773270965,-0.414228124078363,0.419289842247963
-0.627897533588111,-0.0741462693549693,0.815094530582428,-0.237718953285366,-0.477207055781037,0.80921566253528,-0.692662401590496,0.45063844230026
0.661643908824772,0.534081351477653,0.784213119652122,-0.638964702375233,0.431642091833055,-0.27179260738194,0.310510075651109,-0.350349276792258
0.648383529856801,0.56959966942668,-0.666124982293695,0.273414739407599,-0.198422376997769,-0.0651320242322981,0.169312149751931,0.970526717137545
-0.239670888055116,0.256066331174225,0.191966517828405,0.779655525926501,-0.765135472640395,-0.962816753424704,0.813576471060514,-0.230572902597487
0.831743233837187,-0.941525638103485,-0.610610500909388,-0.109641965012997,0.725088962819427,0.148745828308165,0.212104547768831,0.791664737276733
-0.324347752612084,-0.993228505365551,0.689199435524642,-0.751181602012366,-0.30021436791867,0.0398447532206774,-0.149343580473214,0.949121598619968
0.348108308389783,-0.561740344855934,0.502789562568069,-0.713751678820699,-0.277914606500417,0.0747568989172578,0.780786300078034,-0.416728727053851
0.0796191855333745,-0.446242433041334,0.800329061225057,-0.577498686034232,-0.8148652468808,0.70671071158722,-0.262858110014349,-0.781735669355839
0.288991949055344,0.31273829517886,-0.00222607562318444,0.860795944463462,-0.0251851109787822,0.255435083527118,0.954639913979918,0.526681727264076
-0.181760296225548,0.38612064300105,0.227578680031002,-0.806825981009752,-0.236363016068935,-0.405373361892998,0.847712406888604,-0.851825492922217
-0.0937388623133302,-0.43090945482254,0.29599396372214,0.463200885336846,0.525710507296026,-0.392721749376506,-0.890611792448908,-0.69424291420728
-0.842994492966682,-0.872165495529771,-0.983769293408841,-0.413686848245561,-0.20243450673297,0.336001178715378,-0.493000857997686,0.365681945811957
-0.951121560297906,0.300663116388023,-0.00223266053944826,-0.782228572759777,-0.19160526432097,-0.485602227505296,0.256135605741292,0.673992627765983
-0.30538422986865,-0.280311554204673,0.976706965826452,0.611585199367255,-0.649035427253693,0.436348540708423,-0.625768911093473,0.0494515150785446
0.820779754780233,0.269913247320801,-0.684874133206904,0.356155118905008,0.517188617493957,0.568089863751084,0.412088837008923,0.980711035896093
0.655896584503353,-0.36173532018438,-0.458826922811568,0.560035308357328,0.733053169213235,0.261684329248965,0.866852167062461,0.900900119915605
-0.678390174172819,0.232580912765115,0.310752788092941,-0.952752091456205,0.074885331094265,-0.352346799802035,0.168760231696069,-0.822738785296679
0.547811139374971,0.361160789150745,-0.356979529839009,-0.680031159892678,-0.558044260367751,-0.725934654008597,0.630179150961339,-0.910393729340285
-0.61849909555167,-0.93081512209028,0.0241031423211098,-0.112875252962112,0.251379740424454,-0.527249400969595,0.838782372418791,0.0588054303079844
-0.395106891170144,-0.859878876246512,-0.861582909710705,0.266397341620177,0.390529714990407,0.40159864211455,0.5272855181247,0.106885996181518
0.956533182412386,-0.258661429863423,0.329809358809143,0.530508416704834,0.935007895343006,-0.485158233903348,0.258857253473252,-0.421137880999595
0.581102803815156,-0.640309363137931,-0.238979489076883,-0.337628645822406,0.956101759336889,0.855621762573719,0.502380170859396,0.904616760555655
-0.943169895093888,0.493048459757119,0.320073724724352,-0.511994644533843,-0.730504771694541,-0.860286668874323,-0.414433239493519,0.3540089414455
-0.461138304788619,0.353029645513743,0.24592079827562,0.154648027382791,0.958418505266309,-0.883943748194724,-0.0395402540452778,0.317896027117968
0.691127252765,-0.965205492917448,-0.0232735760509968,0.462178813293576,-0.923194315750152,-0.0538061428815126,-0.84979007486254,-0.805643387604505
0.784379938151687,-0.523846312891692,-0.209004831966013,-0.0647313818335533,0.700159157626331,-0.25161857297644,0.500734294764698,0.146913514006883
-0.58701840788126,-0.754923722706735,0.640911583788693,0.229303653817624,-0.285902647767216,-0.762559182941914,-0.805546469520777,0.205596402287483
-0.264708514790982,-0.294895006809384,-0.826277161482722,0.839757081586868,0.0901260366663337,-0.104984811041504,0.597550250124186,0.552788483444601
0.337585939560086,0.0391507032327354,-0.0842012320645154,0.895004908554256,-0.109365631826222,-0.00181871978566051,0.821818355005234,0.302297724876553
0.76844637747854,0.95523552922532,0.30671806121245,0.491655826568604,0.309395025949925,-0.756972576491535,-0.555508971214294,0.381976019125432
-0.0171780693344772,-0.811798049602658,-0.0780431893654168,-0.90789198782295,-0.357455860823393,0.133105251472443,-0.0807433626614511,-0.437434023246169
-0.342464534100145,-0.417796100955456,0.409917009528726,0.40382106276229,0.0348935383372009,0.520517451688647,0.251855566632003,-0.173631101846695
-0.9217389090918,0.660051213111728,0.325395579449832,-0.394160523544997,0.561201812699437,-0.380769668146968,-0.0438934066332877,0.844851008616388
0.147645351942629,-0.952384741511196,0.967425745446235,0.903485077433288,-0.571736323647201,0.964839437510818,-0.451010322663933,0.944487936329097
-0.875465298537165,0.85971621144563,0.91070470912382,0.476937000174075,0.233135332353413,0.468512010760605,-0.81370037747547,0.859698311425745
-0.991241648793221,0.699143371544778,0.164223033003509,-0.283035128377378,-0.404314486309886,-0.36763256136328,0.920739939436316,-0.186969272792339
0.547084037214518,0.0240646856836975,-0.276233509648591,0.519275932107121,0.00163335958495736,-0.425739573314786,-0.67391261132434,-0.132225235458463
0.975312298629433,-0.601799664553255,-0.798270374070853,-0.850454072002321,0.866745691746473,-0.906345768366009,-0.447410895489156,0.4912105104886
-0.471158891916275,-0.558433987665921,-0.692630468867719,0.509708457160741,-0.773774852976203,-0.797693701926619,-0.872838766779751,-0.380503739695996
0.0744393807835877,-0.690822374541312,-0.393914707470685,0.898698859382421,0.401488532777876,-0.523913169745356,0.558380915783346,0.0562069043517113
-0.909262636210769,0.834659534040838,0.535925259813666,0.73557029152289,-0.215485711582005,0.87901815911755,-0.0822498421184719,0.239448425825685
0.896322373300791,0.500169094186276,-0.062884361948818,-0.945565830450505,0.20895056752488,-0.966216723900288,0.236022818367928,0.543743165209889
-0.109259643126279,0.141212093643844,-0.521493478678167,0.3945053354837,0.350011807866395,-0.402096073143184,-0.616999245248735,0.810041542630643
-0.390591211616993,-0.026506258174777,0.476753134280443,0.243250695522875,0.943517444189638,-0.224057815503329,-0.880350859370083,0.213954661041498
0.515542555134743,-0.224640020634979,-0.28519144281745,-0.204259276390076,0.693685154430568,0.585825306363404,0.917075306642801,-0.145618779119104
-0.490348752588034,0.975263399071991,0.583738962188363,0.592779663857073,0.513921319972724,0.245280067902058,-0.285068625118583,-0.0334589146077633
-0.947404970414937,0.321370794903487,-0.567639738786966,0.238524348475039,0.563535350840539,0.628850156441331,-0.268791914451867,0.906018655747175
-0.0320584787987173,-0.350276918616146,-0.628241767641157,-0.856255182996392,-0.241911815013736,0.859723304398358,-0.37996100820601,-0.104688630439341
0.958100635558367,-0.950415667146444,-0.436457853764296,0.686250817961991,0.0897139208391309,-0.693105383776128,-0.608643072191626,-0.424924448598176
-0.0944821992889047,0.154508869163692,-0.312018311116844,-0.0824009394273162,-0.360197931993753,-0.927789113949984,-0.2604587264359,-0.352392926346511
-0.71716635953635,0.197344828862697,-0.174091207794845,0.819114815443754,0.594067846890539,0.149145944509655,-0.299108476378024,-0.773806799203157
-0.015682895667851,0.0251276777125895,0.590133140329272,0.742344222962856,0.149722159840167,0.03617442259565,-0.459241445641965,-0.0387351182289422
-0.0404059053398669,-0.0675174905918539,0.199834600090981,-0.412483289837837,0.928646501153708,0.522774438373744,0.643690746743232,-0.484196336008608
-0.372804862912744,-0.9264384675771,-0.807770069222897,-0.455217384267598,0.473535148892552,-0.0788438026793301,-0.890451152808964,-0.254225462675095
-0.317541144788265,-0.0935921617783606,-0.324018673039973,-0.447044841945171,-0.377195469569415,0.52432858850807,-0.447424232959747,0.26444293372333
-0.850174327380955,-0.0561970765702426,0.617481973953545,-0.350159856956452,-0.672639243304729,0.0497254277579486,0.848884591367096,0.495351111050695
-0.520846878178418,0.0889551620930433,0.27134963311255,0.744673058856279,0.273206702899188,-0.00633729388937354,-0.70335358241573,0.358254236169159
0.114317017607391,0.928790918551385,0.509620456956327,-0.0777596104890108,-0.985690284054726,-0.76492656301707,0.747487199027091,-0.115385869983584
-0.23427979554981,-0.921988001093268,-0.372219897340983,-0.864020590204746,-0.891215568874031,0.679479764774442,-0.723881890531629,0.82610413338989
-0.783015614375472,0.343417986761779,-0.606559426523745,-0.263938669115305,0.0655462560243905,0.732024946715683,-0.849289266392589,0.799026411492378
-0.720454203896224,0.830512840300798,0.86572398012504,-0.0498706283979118,-0.817461087368429,-0.672553996089846,-0.723582989070565,0.762068502604961
-0.920312334783375,-0.766322899609804,0.486995442770422,0.197562735993415,0.703771430067718,-0.445914744865149,-0.504233598709106,0.321351250167936
-0.0569398612715304,0.559243815485388,0.268870981410146,-0.278945012949407,-0.59989932179451,-0.393624332733452,0.424008421599865,-0.940522196702659
-0.0283160023391247,0.196042837109417,0.838489319197834,0.531607169192284,-0.016366729978472,0.0104279373772442,0.930626332294196,0.995935777202249
0.755564847495407,0.905962448567152,0.300113270524889,-0.629168246872723,0.996474215295166,0.676548787858337,0.32812597323209,-0.0983597952872515
0.260137096047401,-0.0947073427960277,0.683865151368082,-0.907806587871164,-0.0372073631733656,0.005130001809448,-0.515537628438324,0.0586115727201104
-0.419628056231886,0.799703063908964,-0.860704567283392,0.502850482705981,0.0961970132775605,-0.928600703366101,-0.0935611957684159,0.859317165333778
0.884116284083575,0.507910329848528,-0.997650742065161,-0.551154223736376,-0.186230628751218,0.37989108171314,0.888705937657505,0.961531588342041
0.0164459832012653,-0.847872599493712,-0.963766524102539,-0.952451891731471,-0.0909076472744346,0.787401985842735,-0.00508336443454027,0.786626156419516
-0.715142311062664,-0.840803122613579,-0.19143224414438,0.0193261904641986,0.706940902397037,-0.905039427801967,0.439955537673086,0.200362583622336
-0.105468358844519,0.326719768345356,0.754311584867537,-0.145975188817829,-0.389153961092234,0.198831262532622,-0.0317469709552824,-0.278611453250051
0.640483370516449,0.434926490299404,0.935946866869926,-0.946532532572746,-0.0224797213450074,0.246196638327092,-0.732699611689895,-0.604517803993076
-0.849939334206283,-0.710283231455833,-0.0987901552580297,-0.225680010393262,0.50983895175159,0.373893839307129,0.0614522490650415,-0.0565355462022126
-0.44815177610144,0.476332012563944,-0.906414803583175,0.259704710450023,0.485867764800787,-0.772777032107115,-0.150617704726756,0.657670213375241
-0.787837731186301,-0.732021906413138,-0.403934768401086,0.151547296904027,0.870991759933531,-0.515027682762593,-0.601403291337192,0.983682540245354
0.97086437465623,-0.65693350462243,-0.470007613766938,-0.293116341810673,0.787555164191872,-0.993942792993039,0.499867236241698,0.819970802869648
0.377223915420473,0.0197447719983757,0.736646256875247,-0.510285121388733,0.491760703269392,0.265276503749192,-0.0758453188464046,0.8343102671206
-0.505881652701646,-0.870362260378897,0.199989573098719,0.538221971597522,0.656073418445885,-0.550872462801635,0.187381381634623,-0.419823618605733
-0.34816151112318,-0.0670697600580752,0.417286890558898,0.93993121618405,-0.91855546599254,-0.353524993639439,-0.88554681930691,0.113840898964554
0.546780947130173,0.210175253450871,-0.0200956291519105,-0.595305427908897,0.025930660776794,0.983742443379015,-0.154151680879295,0.324727946426719
0.821073265280575,-0.809519832022488,0.775514361448586,-0.55477163894102,-0.354607977438718,-0.791765509173274,0.0521770948544145,0.606885326094925
0.670133411418647,0.229355732910335,-0.148041951470077,-0.368861234281212,0.562892274931073,0.163948168978095,0.336753814481199,-0.883235165849328
0.900873141363263,-0.635138496756554,-0.266790572088212,0.615122529212385,-0.23135820729658,0.0199698871001601,0.444504021201283,-0.120334472041577
-0.793939867056906,0.912534672766924,-0.184533460531384,-0.983899000566453,0.464509927202016,-0.331372896209359,0.100442388094962,-0.551234272774309
0.168358829803765,0.803759121801704,0.469485071022063,0.877134729642421,0.0919433808885515,-0.329260617494583,-0.906786875799298,0.910753497853875
-0.218543461989611,0.366425551008433,0.993554385844618,0.320315041113645,-0.327364102937281,0.231669285800308,-0.421262613032013,-0.704178649000823
-0.56758624734357,0.200465857516974,0.0792436399497092,0.975387840997428,-0.602488615550101,0.319905117154121,-0.965422956738621,-0.297985377255827
-0.15021965187043,0.808974635787308,-0.994771250057966,-0.759764892980456,0.354211013298482,-0.283261388540268,-0.765448139514774,0.140392687171698
0.524820014368743,-0.579762035515159,-0.952149470802397,0.817981987725943,-0.527181016281247,-0.466176979243755,0.994694150984287,-0.933147714938968
-0.299040037672967,0.929083642084152,0.901346574071795,0.111918929032981,0.0333020552061498,0.312150245532393,-0.036581676453352,-0.0771614820696414
0.00899235252290964,0.544067093636841,-0.0413600513711572,0.614189001265913,-0.467932989355177,0.480093329679221,0.70750689227134,0.0680208778940141
0.54105673590675,0.699511314276606,0.990933765657246,-0.664117746986449,0.306815478485078,-0.503032301086932,0.0750935841351748,0.823950692079961
-0.26303147803992,0.295655571855605,0.658497339114547,0.320897375699133,0.397719577420503,-0.342724836431444,-0.414663375355303,-0.786598441656679
-0.757329706568271,0.394507538992912,-0.453655528835952,-0.38586892420426,0.150078858248889,-0.492937264032662,-0.0392148974351585,-0.356614089105278
0.695586041081697,0.297782545909286,-0.165672599337995,0.664554500486702,-0.0321251223795116,0.39488132391125,0.0867844251915812,0.690639794804156
0.495571909472346,-0.306495390832424,0.31851034425199,0.383823991753161,0.384852289222181,0.401043874677271,0.481442120391876,0.323465404100716
-0.474862325936556,0.328982464969158,-0.900119996629655,0.0372238983400166,-0.524091201834381,-0.45578249823302,-0.853124971501529,-0.779253209009767
0.28581172786653,-0.869017858989537,0.41896091774106,0.696998446248472,-0.123095299117267,-0.748932031914592,0.860350782983005,0.814986502286047
-0.336692416109145,-0.184915591031313,0.71456402586773,0.238715263083577,0.929359013214707,-0.353461029939353,-0.163537313230336,0.302876721136272
-0.393407143652439,0.00477916840463877,-0.966174581553787,-0.56356067257002,0.0511075481772423,-0.464413333684206,0.485041759908199,0.644960809964687
-0.0554637829773128,0.271358957979828,-0.078557291533798,-0.636846101377159,-0.233185895252973,-0.433637765236199,0.148682312574238,0.0692294570617378
0.347699228208512,0.607452731579542,-0.0906824534758925,0.455087811686099,-0.297830582596362,0.0926182377152145,0.895489053800702,0.274129980243742
0.839951841160655,-0.704412698745728,-0.310232235118747,-0.592891528271139,-0.596042557153851,0.664503067266196,-0.679193385411054,0.236968602519482
-0.148904150351882,0.534519002772868,-0.215662890579551,-0.769550233148038,0.174853609409183,-0.0816229567863047,-0.249070314690471,0.681243715342134
0.769447720609605,0.112917464226484,-0.518427759874612,-0.251094285398722,0.314917617943138,0.604718336369842,-0.979564040433615,0.121227533556521
0.819451904855669,0.272729658987373,0.165065427310765,-0.880945700220764,0.463913042098284,-0.0402440945617855,-0.0639481828548014,0.861564763821661
0.664916067849845,0.0785798183642328,-0.226507738698274,-0.608963949605823,0.657504447270185,0.660679857712239,-0.50297410832718,-0.832537131849676
0.585625205654651,0.826602406799793,0.981963487807661,0.255080193746835,-0.0990463877096772,0.578581732232124,-0.434903611429036,0.0282156672328711
0.623829367570579,0.308216805569828,0.966991237364709,0.115421910304576,0.947297700215131,-0.297593602910638,-0.766241794452071,-0.946846877224743
0.0655137235298753,-0.227160060312599,0.891630565747619,0.412768003065139,-0.810671123210341,-0.163598599843681,0.564778927247971,-0.583772002719343
0.911743293516338,0.688780328258872,0.458438310306519,-0.348679876886308,-0.863955764099956,-0.826800967566669,-0.171272803097963,-0.505935559049249
-0.484864900819957,0.94102821778506,0.901849902700633,0.239195095840842,0.410684709437191,0.274464693851769,-0.165846957825124,0.464284488931298
0.74850884033367,0.69022685661912,-0.459630665834993,0.884273150935769,0.197422739118338,0.484964723698795,0.259720340371132,-0.0401163417845964
0.532411946449429,-0.0138631574809551,0.973189896438271,-0.505867639090866,-0.380543329752982,0.810948597732931,0.0976282507181168,-0.176531999837607
-0.681050244253129,-0.944048685953021,0.375253022648394,0.562473261728883,0.786986305378377,0.742227054666728,-0.130069590173662,-0.512765794061124
-0.0905070868320763,0.411549563519657,-0.340873814187944,0.080212009139359,0.382411240600049,-0.35142902424559,-0.870137222111225,0.598332911264151
-0.6670520468615,0.497660517692566,0.598762282170355,-0.370260635390878,-0.4379170993343,-0.805432451888919,0.76782152755186,0.914917745627463
-0.232083130162209,-0.410831318236887,0.426797405816615,0.607053485698998,0.876764862798154,-0.370791094377637,0.203725164290518,0.482873887754977
-0.980877867434174,0.654837770853192,0.175298622343689,0.906622853130102,-0.185076698660851,-0.0721498900093138,0.907553914003074,0.149945226963609
0.677419287152588,-0.064438269007951,0.762035343330353,-0.297069030348212,0.261038929224014,0.254914291203022,0.857125583104789,-0.0955151077359915
-0.6775829247199,-0.000843018759042025,0.952166535891593,-0.948475849814713,-0.920377459842712,0.498011064250022,0.679311474785209,0.13636826723814
-0.561738209333271,-0.0236410098150373,-0.649579174816608,-0.434840169735253,0.45953072886914,-0.322067649103701,-0.589516644366086,-0.188173927366734
-0.739550605416298,-0.620830889325589,0.898139944300056,-0.795193221885711,0.761600285302848,-0.155418881680816,0.780632760375738,-0.848551919683814
0.217373801860958,-0.115486904513091,-0.0175576978363097,-0.640313426963985,0.847767303232104,-0.963226423133165,0.452147467061877,0.519977954216301
-0.149021189194173,0.755237729288638,-0.0440216134302318,-0.0152442180551589,-0.467214954551309,-0.0761331343092024,-0.789673317689449,-0.588456080295146
0.318767338991165,-0.00866691861301661,-0.184430051129311,-0.517779173329473,0.32922225445509,-0.798396895173937,0.339354327414185,-0.477514977566898
0.305028209928423,-0.226684246677905,0.878464513923973,0.533247075043619,0.769707192201167,-0.196809789631516,-0.858697253745049,-0.292091994546354
0.45892167603597,-0.832018519751728,-0.779102887026966,0.259572433773428,-0.269451383501291,0.519225841388106,-0.563008978497237,0.530937081668526
-0.857139415107667,-0.185392048209906,-0.600462421774864,-0.415538903791457,-0.897900548297912,0.982708615250885,0.846344889141619,0.914273574948311
0.651020579505712,0.498120659496635,0.427459642291069,0.872834258712828,-0.855752237141132,0.553440485149622,0.190974913537502,0.150483356323093
0.234342060983181,0.294257255271077,-0.994768309872597,-0.554295324720442,-0.669881933834404,0.414234524592757,-0.29794757347554,0.799302492290735
-0.286785019095987,-0.751584046985954,0.527317691594362,-0.53408821253106,-0.272931832820177,-0.00701786670833826,0.552512693218887,-0.504376464523375
0.580987158697098,-0.939530935604125,0.475770306307822,-0.325311636552215,-0.0994710107333958,-0.273224700242281,0.987775159068406,-0.594319116324186
0.540928585454822,0.32741125067696,-0.559881627559662,0.974632718600333,0.424459525384009,0.547923270612955,0.16438641352579,0.331114822532982
0.399283789563924,0.142350183799863,-0.869616096373647,-0.235784852411598,-0.251737932208925,-0.141497501637787,0.924587724264711,0.82219448313117
0.776978534180671,-0.301236183382571,0.335880988743156,0.364402223844081,0.929781764280051,0.279371050652117,-0.808638139162213,0.11290756193921
-0.181781526189297,0.50800791522488,0.320884009357542,-0.648791648447514,0.546020468696952,-0.185703917406499,0.363577306736261,-0.230426709167659
0.470738950185478,-0.785219099372625,0.232893049251288,0.89347958471626,0.342359373811632,-0.0802344190888107,0.38228444987908,0.908770917449147
-0.498466206714511,0.645133225247264,0.734138639178127,-0.509725456126034,0.429272178094834,0.0607452825643122,-0.346893676090986,-0.147319522220641
0.402324575465173,0.352301733102649,-0.668774165213108,0.178138496354222,0.229026600718498,-0.99811102822423,0.830727193970233,0.929320491850376
-0.507751163560897,0.822375989984721,0.787208515685052,0.382376973517239,0.0323951407335699,0.632600019220263,0.0653006639331579,-0.151072062086314
-0.363255431875587,-0.841694444883615,-0.478413769975305,-0.560047239996493,0.10043566301465,-0.445601316634566,0.116598641965538,0.0471935076639056
0.343286039307714,0.903051873203367,-0.026788514573127,-0.860634915996343,0.285736622288823,-0.29564599506557,0.247466008644551,0.00179321365430951
0.589898577425629,0.946875507477671,0.643952192272991,0.161482520867139,0.83314429409802,-0.363624120596796,-0.72506958199665,-0.00577164068818092
-0.595890031196177,-0.481492138002068,-0.277818472124636,-0.195893190801144,0.705233748536557,-0.917834329418838,-0.24600648926571,-0.972135906107724
-0.331194706726819,0.431024274788797,-0.722650432493538,0.727543029934168,0.598621683660895,0.884923532605171,0.330889884848148,-0.515169559046626
0.259536165744066,0.356723336037248,0.331920639146119,-0.864101695362478,0.110753346700221,-0.330945089459419,-0.827856813557446,-0.755327415652573
-0.113428597338498,0.649066300597042,0.354548843577504,-0.211604703683406,-0.248344057239592,0.720720428973436,-0.220191820058972,0.327389702666551
0.445413728710264,-0.590351703576744,-0.99043343635276,0.728513192851096,-0.745838038157672,0.829938178882003,-0.488058966584504,-0.00612435815855861
0.844037717673928,-0.877737726084888,-0.172686164733022,-0.853884025942534,0.862714197020978,-0.405714344698936,0.824798510875553,-0.0652265008538961
0.653686795383692,-0.734911717008799,-0.128739908803254,0.134529079776257,0.375416255090386,-0.601864635013044,0.933342730160803,-0.140486163087189
0.373836548533291,0.452571813482791,0.814168290235102,0.188180628698319,0.161789730656892,-0.27335484046489,0.809805036988109,-0.599694612901658
0.294872349593788,-0.525033973157406,0.716309108771384,-0.212383701000363,0.934739039745182,0.727810710668564,-0.229068909306079,-0.426332664676011
0.45378495240584,-0.658276904840022,0.22458780137822,0.479814634658396,-0.873937544412911,0.564737109933048,0.94507184997201,-0.78891596198082
-0.547349649481475,0.641701346263289,-0.143484082538635,0.128436765633523,0.104147778823972,-0.533769357483834,-0.287201220635325,0.124142376706004
0.166982309427112,0.826285850256681,-0.62893025809899,-0.52132177259773,0.916687075980008,-0.919435487128794,-0.578941571526229,-0.259139310568571
0.398156713694334,0.207699378021061,0.888553241733462,-0.287326321937144,-0.164942621253431,-0.865784531459212,0.330216401256621,-0.098903498146683
-0.0265640108846128,-0.210164009593427,-0.0141697824001312,-0.460151873994619,0.655593272298574,-0.500479483045638,0.304047614801675,-0.989672334864736
-0.463940180372447,-0.387829943094403,-0.0327803487889469,-0.900417676195502,-0.613548554014415,-0.189427943900228,0.529089496005327,0.492625134531409
0.957152860704809,-0.997594220563769,0.327196116093546,0.110020025633276,-0.730690778233111,-0.622325324453413,0.865173094440252,-0.746336081530899
-0.877570808399469,0.58759409468621,-0.371775332838297,0.626773978117853,-0.234263520687819,-0.863977547734976,0.598855488933623,0.065951693803072
-0.289203624241054,-0.188754770904779,0.098186457529664,0.497954746242613,-0.499981700908393,0.416495667770505,-0.211935876868665,-0.355622337665409
-0.985262508504093,0.304107313044369,-0.605856123846024,0.670698206406087,-0.97813209425658,-0.152288515120745,0.218667999841273,0.741003561764956
-0.885488232132047,-0.214521545916796,-0.902778829913586,0.424854948185384,-0.357675656210631,0.241777552757412,0.200563114602119,0.362509596161544
-0.912693880498409,0.422745267860591,0.863290569279343,-0.297430035192519,0.960089961532503,0.299416158813983,0.100807829760015,0.698401872999966
-0.0967619805596769,0.766109530348331,-0.101744395215064,0.806712210178375,-0.313204923644662,0.269179165363312,-0.736792114097625,0.706498575396836
0.884850655216724,-0.338058101944625,0.768667932599783,0.930043366272002,-0.675903377123177,-0.684444480575621,-0.86124967969954,-0.150355959776789
-0.927613058593124,0.0408307341858745,-0.62684563267976,-0.946338324341923,0.587402991484851,-0.234801554586738,0.881790183018893,0.42234323779121
-0.171176598407328,-0.571318536065519,0.440335376188159,-0.776055358350277,-0.645353859756142,-0.199853514321148,-0.426922711078078,-0.255323445890099
-0.365634601097554,0.259391794446856,0.630273302085698,-0.977432787418365,-0.0404136721044779,0.0917089502327144,0.175530187785625,-0.202981091104448
-0.0916422037407756,0.612768040969968,-0.248757366091013,-0.102740958798677,-0.299545616377145,0.0338084059767425,0.00742196431383491,-0.363240473903716
-0.623359018936753,0.405010166112334,0.823281936813146,-0.783781660720706,0.324041617568582,0.619340960402042,-0.366810176987201,-0.0528088919818401
-0.351690751034766,-0.865767889190465,0.484305710531771,-0.313229360617697,0.786389721091837,-0.692417004611343,0.363959376234561,-0.983786878641695
-0.999531337060034,0.460805473383516,-0.697952684015036,0.161971353925765,0.804467861540616,-0.460807484574616,-0.199592221528292,0.686299029737711
-0.858911118935794,-0.104895608033985,-0.564194158185273,0.585400320123881,0.744027864187956,0.535241355653852,0.613888000138104,0.759736780077219
-0.297526298090816,0.0611504372209311,0.392506544943899,0.62767740804702,-0.531935549806803,-0.102655355352908,-0.654525637160987,0.973820134997368
-0.916823176667094,-0.38084495998919,-0.122955392580479,-0.255426348652691,0.387649085372686,-0.761141724418849,0.54854736989364,0.299639276694506
0.671771406196058,-0.205814382992685,0.265924634877592,0.41537795541808,-0.462046663276851,0.434994135517627,0.153656580485404,-0.619231999386102
0.479722015094012,0.800282655283809,0.544460739940405,0.320562748238444,-0.373295294120908,-0.872676955070347,0.525213477667421,0.477966608013958
-0.423183579463512,-0.643403822556138,-0.208303187973797,-0.966455030720681,0.96963578928262,0.851486752741039,-0.535318715963513,-0.488269343506545
0.962632853072137,-0.281951369252056,-0.638026161119342,0.0991281177848577,0.191044603940099,-0.954712207429111,-0.314848530106246,0.238988799508661
-0.468983560800552,0.0936202774755657,0.343754330649972,0.209955048281699,0.215029165148735,-0.5692492085509,0.845701878424734,0.580743986647576
0.175063795875758,-0.301967453677207,0.022348043974489,0.496008125133812,-0.354009432718158,0.710414072498679,-0.184491318184882,-0.965756563469768
-0.40420088917017,-0.967516533564776,0.828693979885429,-0.0927709778770804,0.751637287437916,0.983390543609858,0.316675497684628,0.119301611091942
0.91696546273306,-0.285958427004516,-0.453722767066211,-0.160915165673941,0.173596996814013,-0.98793569020927,-0.611188557464629,0.623681139666587
0.942254048772156,-0.250591638032347,-0.588645305018872,-0.413749272469431,-0.534904048312455,0.356441478710622,-0.727543778717518,-0.0546373450197279
0.968330309260637,-0.445828015916049,0.8366060978733,-0.598606280982494,0.268174985423684,-0.244636489544064,0.369021768216044,0.422708421479911
0.837147133424878,-0.54112124722451,0.151724043767899,-0.237140019889921,-0.326051553711295,-0.437741935253143,-0.803002381231636,-0.0654857391491532
0.51292937528342,-0.0565797006711364,-0.986917489673942,0.151111096143723,0.873153905384243,0.351579808164388,-0.850396541878581,0.248954697977751
-0.544348219409585,-0.645445629488677,0.852052133530378,-0.0336477705277503,0.514001964591444,0.93448926974088,-0.563772979658097,0.438838064670563
0.409919654019177,0.763441106770188,-0.197290402837098,0.30406331224367,-0.472382654901594,-0.345372992102057,0.5400504861027,-0.386439606547356
-0.240070282015949,0.551509377546608,-0.684345964808017,0.507268172223121,-0.160665498115122,0.284705127589405,0.939496020320803,-0.692265698220581
-0.16887343628332,0.79406805569306,-0.48500517802313,0.181057767942548,0.957861309871078,-0.695839939173311,-0.0276779010891914,-0.110605945345014
0.757869482040405,0.2808240018785,0.461691727861762,-0.731669427361339,-0.327725797891617,0.560566678643227,-0.320080460514873,0.333788606803864
0.485442915931344,-0.274719565175474,-0.624839004594833,-0.414770047646016,-0.984752989839762,-0.748113412410021,-0.631440138909966,-0.791016701608896
0.239167076535523,-0.593028935603797,0.193222733214498,0.970329680945724,0.131103950552642,-0.414164959918708,0.833677928894758,0.33629848016426
-0.993508819956332,0.245797146577388,-0.778438348788768,-0.736379500012845,-0.871095165610313,-0.43085260130465,0.0273926365189254,-0.503488337155432
-0.0935347718186677,-0.344223680905998,-0.51940924488008,-0.245170155540109,-0.0175580950453877,-0.328001583460718,-0.0884353802539408,-0.0877191824838519
0.77068813983351,-0.622746895998716,-0.380669124424458,0.0741344881244004,-0.298715511336923,0.598710508085787,-0.691970225423574,-0.825693719089031
-0.0479124845005572,-0.497723432257771,-0.881527926772833,0.305940962396562,0.121092930436134,0.363456290680915,-0.862302856054157,0.615824981126934
-0.0704409047029912,-0.0915615535341203,0.455976353958249,-0.640430703759193,0.257217809557915,0.414939887821674,-0.726567931007594,0.227936154231429
0.858692369889468,-0.576820242218673,-0.551377846859396,-0.306691507808864,-0.616326729767025,-0.423124426044524,0.558195719961077,0.269012549426407
0.131754223257303,0.158777508884668,-0.319062338676304,-0.830537274014205,0.298023874405771,0.148828113917261,0.686204392462969,-0.744162305258214
-0.860631720162928,0.892808648291975,0.876950340811163,0.934165149461478,-0.521411122288555,-0.747561980038881,-0.293958938680589,-0.112270704004914
0.0778365060687065,0.850618940778077,-0.387363476678729,0.822150453459471,-0.648906718473881,-0.705590076278895,0.535525302868336,-0.949677344411612
-0.50578039791435,0.0147746410220861,-0.0515631604939699,-0.95758737437427,0.874028742313385,-0.738412516191602,-0.422410343308002,-0.0829997849650681
-0.137545256409794,0.757378997281194,-0.563281307928264,0.844802895560861,0.844481217674911,0.918516224250197,0.866853562183678,-0.314267923589796
0.354871750809252,-0.721368792466819,-0.666245381347835,-0.880743807181716,0.0170576930977404,-0.997085534967482,-0.525631919503212,0.655356606002897
0.733697933610529,0.689211759716272,-0.744739281944931,0.943106584250927,-0.15355960233137,-0.934968974906951,0.774735511746258,0.603827308863401
-0.144026380032301,0.802758221514523,0.292984240222722,0.870377905201167,0.875540543347597,0.590761256404221,0.857467038091272,-0.0720149003900588
-0.198926158715039,0.385916824452579,-0.461681153159589,0.346159462351352,-0.431555337738246,0.0125092873349786,-0.357226882129908,-0.819575436413288
-0.753468938637525,-0.114430612418801,-0.956700589507818,-0.687540563289076,0.800165223889053,-0.779166132677346,-0.914382202550769,0.0124427224509418
0.917006007861346,-0.995889131911099,0.722316668834537,-0.256195438560098,0.777569769416004,-0.707182341255248,0.916821924969554,-0.818193587474525
0.317474218551069,-0.977862989995629,0.19338296726346,0.724164204671979,-0.845338236540556,-0.126931820530444,-0.848626801744103,-0.163775348104537
-0.260740370023996,-0.288965827319771,0.271683550439775,-0.917162701487541,0.226347667630762,-0.433680921792984,0.843891391530633,0.526344825979322
