"spp1","spp2","spp3","spp4","spp5","spp6","spp7","spp8","spp9","spp10","spp11","spp12","spp13","spp14","spp15","spp16","spp17","spp18","spp19","spp20","spp21","spp22","spp23","spp24","spp25","spp26","spp27","spp28","spp29","spp30","spp31","spp32","spp33","spp34","spp35","spp36","spp37","spp38","spp39","spp40"
1,43,3,105,11,1,7,6,0,0,17,0,0,8,26,1,0,0,25,41,57,0,0,0,0,1,0,0,14,9,1,48,2,3,4,0,0,2,26,0
0,1,3,9,35,3,0,5,0,0,31,0,0,1,25,70,0,13,4,51,29,2,1,0,7,4,1,0,1,14,1,2,0,1,18,1,1,0,1,26
1,9,20,594,39,1,0,54,3,0,31,0,1,25,104,3,0,14,219,36,6,5,0,0,1,11,20,0,41,31,2,5,0,0,38,1,1,0,184,1
0,0,5,118,6,1,0,9,0,0,11,0,0,4,20,3,0,3,28,10,6,3,0,0,3,0,0,0,8,5,1,1,0,0,2,0,0,0,29,2
0,0,1,36,3,0,0,3,0,0,73,0,1,0,35,11,0,37,12,95,24,0,0,0,0,0,0,0,0,32,0,0,0,0,1,0,0,2,7,44
0,0,0,2,2,1,0,0,2,0,0,0,0,0,0,1,0,0,1,1,1,0,0,0,0,3,0,0,0,0,0,1,0,0,4,0,0,0,0,0
0,6,29,59,12,4,0,1,21,2,4,0,12,6,7,9,1,1,2,58,21,16,0,0,1,33,48,0,2,2,6,12,1,1,101,1,0,0,1,0
0,15,6,14,77,5,4,10,4,4,4,3,3,3,2,141,0,2,2,17,50,10,0,0,12,13,9,1,1,7,2,14,0,2,36,0,1,0,1,1
0,6,0,9,1,0,1,1,1,0,4,0,0,0,1,1,0,2,1,9,19,0,0,0,0,0,1,0,2,0,0,11,0,0,4,0,0,0,1,0
0,0,4,9,16,1,0,2,5,1,5,0,3,0,1,12,0,2,2,14,12,0,0,0,2,1,5,0,0,2,3,2,0,1,20,2,0,0,0,1
0,0,8,8,11,1,0,0,3,0,24,2,1,2,22,13,0,14,0,52,21,6,0,0,1,6,3,0,0,8,1,0,0,0,15,0,0,0,1,17
6,205,0,19,7,0,18,1,0,3,59,0,0,0,27,19,0,0,3,127,245,0,0,0,4,0,0,0,28,2,0,215,2,12,7,0,0,2,2,6
3,55,9,443,59,8,7,45,3,1,36,1,2,17,53,46,0,2,135,57,86,5,0,0,5,7,8,1,27,23,2,71,6,8,26,0,1,2,109,1
0,1,0,0,1,0,0,0,0,0,2,0,0,0,0,1,0,1,0,6,0,0,0,0,1,0,0,0,0,0,0,1,0,1,2,0,0,0,0,1
0,1,3,24,8,2,0,5,3,0,1,0,0,3,3,10,0,1,5,2,8,5,0,0,1,2,3,0,2,0,1,0,0,0,16,0,0,0,11,1
0,16,2,1,1,1,5,1,0,0,6,1,0,0,4,6,0,0,0,15,22,2,0,0,0,2,3,0,4,1,0,20,0,0,7,0,0,0,0,0
0,1,7,20,1,0,0,1,2,0,2,0,0,1,3,2,0,0,2,6,1,1,0,0,0,5,4,0,1,3,0,1,0,0,9,0,0,0,2,0
0,2,0,0,3,1,1,1,0,0,0,0,0,0,1,5,0,0,0,7,10,0,0,0,1,0,0,0,0,0,0,10,0,0,2,0,0,0,0,0
0,4,0,5,0,0,0,0,0,0,3,0,0,1,3,7,0,5,1,4,9,1,0,0,0,1,0,0,0,0,0,1,0,1,0,0,0,0,1,1
0,4,5,6,0,4,0,0,4,0,3,0,0,1,7,1,0,1,0,17,9,1,0,0,0,6,7,0,1,1,1,5,0,0,14,0,0,0,0,0
0,0,2,7,4,0,0,0,0,0,11,1,0,2,8,6,0,3,0,20,5,1,0,0,0,0,0,0,0,3,0,1,0,0,4,0,1,0,3,11
0,0,1,0,72,3,0,3,0,3,5,7,0,1,7,128,0,5,1,20,40,3,2,0,14,0,0,0,0,8,0,2,0,0,3,0,0,1,0,11
14,0,915,1090,173,191,0,1,389,1,44,1,222,162,158,16,19,35,0,1483,196,386,0,0,9,1067,1103,2,0,23,176,83,0,0,2778,60,0,0,0,23
0,1,0,23,9,0,0,5,1,1,11,0,0,2,9,12,0,4,8,12,9,0,0,0,2,1,0,0,2,4,0,2,0,0,2,0,0,0,6,2
1,1,32,96,12,9,1,6,18,0,12,1,9,7,20,4,0,7,14,74,10,12,0,0,1,34,35,0,4,4,6,6,0,0,95,1,0,0,15,7
2,130,0,15,0,1,14,0,2,1,35,0,0,0,10,6,0,0,0,66,171,0,0,0,0,0,0,1,20,0,0,149,1,10,7,0,0,5,1,3
0,11,1,9,0,0,2,0,1,0,44,0,3,2,29,2,0,21,1,61,29,1,3,0,2,3,1,0,1,9,1,11,0,0,15,0,0,0,2,22
0,3,5,148,7,0,1,12,2,0,40,0,0,4,45,4,0,12,44,44,27,0,3,0,1,0,2,0,5,30,0,1,0,1,6,0,2,2,43,41
1,125,2,59,7,0,11,6,1,0,49,0,1,1,22,5,0,1,26,66,141,0,0,0,0,0,0,0,18,3,0,120,5,13,0,0,0,0,17,3
1,15,3,203,13,1,2,20,0,1,27,0,0,5,21,13,1,3,54,14,23,0,0,0,0,1,3,0,12,13,1,14,2,0,11,0,1,2,55,2
0,5,38,59,11,9,0,3,22,0,9,0,7,7,13,7,1,1,6,83,22,14,0,0,1,52,39,0,3,4,4,8,0,0,122,1,0,0,4,2
2,9,9,34,12,0,1,4,3,1,28,0,1,1,15,20,0,11,11,37,26,0,0,0,0,6,10,0,5,9,4,6,0,2,23,0,2,0,9,14
0,29,3,15,5,1,3,0,0,0,191,0,0,4,120,7,0,91,2,233,110,1,2,0,4,5,1,0,4,59,0,17,0,4,13,0,1,1,2,97
0,0,1,20,15,0,0,1,0,1,25,0,1,1,11,23,1,11,5,28,22,1,2,0,4,0,1,0,1,16,0,1,0,0,4,1,0,0,2,11
0,5,2,17,0,0,1,0,0,0,51,0,0,2,28,1,0,26,5,64,17,0,0,0,1,0,0,0,1,10,0,6,0,0,2,0,0,3,4,30
0,5,2,7,0,0,0,2,0,0,15,0,2,2,7,1,0,3,1,17,7,1,1,0,0,4,1,0,0,3,1,3,0,0,7,0,0,0,0,11
1,0,0,8,44,0,0,3,0,1,1,1,0,0,1,59,0,0,2,1,20,4,0,0,5,0,0,3,0,0,0,6,0,0,7,0,0,1,0,0
0,1,2,14,9,0,0,1,1,0,1,0,3,1,0,8,0,0,1,12,3,4,0,0,0,6,11,0,0,0,1,2,0,0,22,1,0,0,1,0
0,4,0,2,2,2,0,0,1,0,0,0,1,2,0,0,0,0,0,3,0,1,0,0,0,4,1,0,1,0,1,1,0,0,6,0,0,0,0,0
1,3,52,89,6,11,0,4,31,0,6,0,14,9,7,1,2,3,11,98,18,18,0,0,0,70,67,0,4,1,8,4,0,0,150,3,1,0,9,0
0,1,0,3,3,0,0,0,1,0,41,0,0,0,38,2,0,25,0,60,21,0,1,0,1,1,0,0,0,21,0,2,0,0,1,0,1,0,1,43
1,4,3,8,84,7,0,0,1,4,6,3,0,1,3,157,0,0,0,6,47,3,0,0,15,1,3,1,0,3,0,8,0,0,15,1,0,0,2,1
2,5,0,0,480,18,1,29,0,39,3,31,1,5,0,887,0,1,0,6,203,17,1,0,103,0,0,10,1,10,0,15,2,0,42,0,0,0,0,0
0,1,4,39,8,1,0,2,3,1,99,0,2,1,64,10,0,46,9,134,32,1,1,0,5,10,6,0,0,34,1,0,0,1,23,0,1,1,1,68
0,7,10,11,6,6,2,0,3,1,2,0,1,1,3,7,0,0,3,15,8,4,0,0,2,16,12,0,0,2,2,3,0,0,34,0,0,0,2,0
0,3,3,26,3,0,0,1,0,0,9,0,0,1,2,3,0,8,1,8,7,0,0,0,1,1,3,0,2,3,0,2,0,0,2,0,0,0,4,3
2,0,0,0,127,7,0,3,0,11,0,11,0,0,0,232,0,0,0,0,67,6,0,0,25,1,0,3,0,2,0,1,0,0,12,0,0,0,0,0
0,2,0,22,15,1,2,2,0,0,2,0,1,0,3,10,0,0,4,4,4,0,0,0,1,1,1,1,1,2,0,5,0,0,2,0,0,0,6,0
1,14,14,332,21,5,1,32,2,0,21,0,3,20,53,2,1,5,120,30,16,5,0,0,0,11,14,0,15,26,1,10,0,1,32,0,1,2,106,0
2,1,10,9,3,4,0,0,2,0,0,0,5,1,2,0,0,1,1,23,3,4,0,0,1,15,22,0,0,0,2,1,0,0,38,0,0,0,1,1
0,0,1,28,10,1,0,4,0,0,45,1,0,2,29,27,0,19,4,56,21,0,0,0,2,0,0,0,5,20,0,3,0,0,1,0,1,0,4,26
0,1,7,540,41,1,1,57,1,0,20,0,0,19,90,0,1,12,160,22,3,2,0,0,1,1,0,0,39,30,0,2,0,0,6,0,3,3,141,1
0,12,1,8,3,1,0,0,3,0,12,0,2,2,12,1,0,10,0,28,14,3,0,0,0,9,5,0,3,9,1,5,0,1,12,0,0,1,0,11
1,3,132,150,17,23,1,0,41,0,0,0,28,24,12,0,2,1,0,189,24,40,0,0,0,143,129,0,1,0,19,18,0,0,337,8,0,0,0,0
0,0,1,11,4,1,0,1,1,0,1,0,1,1,4,5,0,1,4,1,3,1,0,0,2,1,3,0,0,1,0,0,0,0,3,0,0,0,1,0
0,17,3,12,105,6,6,3,0,10,8,11,0,2,3,170,0,0,2,18,70,1,0,0,21,2,1,4,5,3,1,25,0,3,14,0,0,0,3,1
0,1,2,69,3,1,0,7,0,0,8,1,0,2,18,2,0,7,24,16,2,3,0,0,0,0,3,0,4,5,1,2,0,0,6,0,0,2,18,8
1,1,0,0,17,5,0,3,0,1,1,2,0,1,0,48,0,1,0,4,8,1,0,0,5,0,0,1,0,0,0,0,0,0,2,0,0,0,0,1
0,0,0,16,2,0,0,2,0,0,4,0,0,0,2,2,0,0,1,0,1,1,0,0,0,0,0,0,2,2,0,0,0,0,0,0,0,0,4,1
2,13,0,7,24,3,1,4,2,3,4,2,1,7,6,47,0,1,5,18,26,4,0,0,2,8,9,2,3,3,4,19,0,4,13,0,0,0,3,2
1,1,2,58,4,1,0,5,0,0,5,0,1,4,11,0,0,0,24,2,3,1,0,0,0,1,1,0,2,5,0,0,0,0,8,0,0,1,21,0
1,43,0,3,3,0,8,0,0,0,26,0,0,0,19,13,0,4,0,31,62,0,0,0,3,1,0,0,5,4,1,40,0,5,6,0,0,0,0,8
6,188,0,18,10,0,21,1,1,4,53,1,0,0,25,42,0,1,5,139,265,0,0,0,2,0,1,1,21,1,0,219,3,20,6,0,1,3,3,4
0,38,1,6,51,3,4,2,1,4,17,4,0,1,7,119,0,1,0,19,78,2,1,0,19,0,3,0,9,8,0,48,0,4,13,1,0,1,0,8
0,0,3,5,6,0,0,0,5,2,0,0,1,0,1,11,0,0,2,4,4,0,0,0,1,3,4,0,0,0,0,0,0,1,8,0,0,0,1,0
0,23,2,13,2,0,5,0,3,0,4,1,1,2,3,3,0,0,4,14,31,3,0,0,0,5,4,0,4,1,1,32,0,3,9,1,0,0,3,1
15,525,15,74,15,8,62,0,14,3,164,1,11,4,64,39,0,3,2,360,719,14,1,0,4,26,32,1,66,9,9,620,8,44,102,4,0,4,0,14
0,1,10,13,2,2,0,0,4,0,1,0,3,2,1,2,0,0,3,16,1,2,0,0,0,10,8,0,0,2,2,0,1,0,19,0,0,0,0,0
0,20,1,8,13,1,0,0,0,0,3,0,0,1,6,12,0,0,2,10,24,0,0,0,1,0,0,2,1,3,0,20,2,2,1,0,0,0,5,1
0,0,0,5,2,0,0,0,0,0,4,0,0,0,1,2,0,1,3,4,2,0,0,0,0,0,0,0,1,2,0,1,0,0,0,0,0,0,3,0
0,0,2,5,13,4,0,1,3,1,2,1,0,0,3,21,0,1,2,9,5,0,0,0,4,3,6,0,0,0,1,1,0,0,13,0,0,0,2,1
1,0,3,3,183,12,1,11,2,17,0,11,1,9,0,421,0,1,0,5,91,12,1,0,37,4,3,4,0,2,1,2,0,0,38,0,0,0,0,2
0,0,0,1,11,0,0,2,1,0,6,0,0,0,1,22,0,2,0,1,9,0,1,0,3,0,1,0,0,3,0,0,0,0,2,0,0,0,1,1
3,16,0,5,383,13,5,22,0,24,4,26,0,5,4,706,0,2,1,19,179,10,2,0,74,0,0,8,2,3,0,20,0,1,41,0,0,0,1,1
0,44,0,6,0,0,3,1,0,0,7,0,0,0,10,3,0,4,0,27,50,0,0,0,0,0,1,0,11,1,0,39,2,2,3,0,0,0,0,6
0,1,1,71,4,1,0,6,0,1,7,1,0,3,9,0,0,3,9,3,4,0,0,0,0,1,1,0,7,4,0,2,0,0,1,0,0,0,11,0
0,0,0,4,0,0,0,0,0,0,16,0,0,1,4,1,0,11,1,19,15,0,0,0,0,1,0,0,1,4,0,2,0,0,0,0,0,0,1,11
0,0,3,9,3,0,0,0,1,0,1,1,1,1,1,7,0,2,1,6,3,0,0,0,0,3,4,0,1,0,0,0,0,0,7,0,0,0,0,1
1,2,0,0,0,0,0,0,1,0,1,0,0,0,6,0,0,1,0,8,8,0,0,0,0,0,0,0,1,2,0,1,0,1,0,0,0,0,0,6
0,1,1,30,2,1,0,5,0,0,3,0,0,1,7,3,0,1,12,1,2,2,0,0,1,0,0,0,2,1,0,0,0,0,3,0,2,0,7,2
0,4,0,0,2,0,0,0,0,0,10,0,0,0,6,4,0,2,1,13,0,1,0,0,3,0,0,0,0,2,0,3,1,1,0,0,0,0,0,5
0,2,0,1,3,0,0,0,0,0,0,2,0,0,0,7,0,0,0,0,0,0,0,0,1,0,0,0,0,0,0,0,0,0,0,0,0,0,0,0
0,0,6,11,6,1,0,0,6,0,11,0,3,1,13,3,1,7,1,31,6,4,1,0,0,6,5,0,0,6,1,1,0,0,18,0,0,0,0,9
0,2,0,4,3,1,1,0,1,0,2,1,0,0,4,8,0,1,1,7,7,0,0,0,4,1,1,0,0,0,0,2,0,0,0,0,0,0,1,2
0,31,4,169,8,0,1,17,0,2,16,0,2,10,38,2,2,14,49,33,45,1,0,0,0,1,1,0,17,11,1,25,0,5,5,0,0,2,55,8
0,14,1,4,0,0,0,0,2,0,6,0,0,0,2,4,1,0,0,19,29,0,0,0,1,2,2,0,1,0,0,26,0,0,10,0,0,0,0,0
1,5,2,7,9,0,0,1,5,0,237,0,0,7,165,10,0,125,0,290,92,1,6,0,5,6,2,0,1,97,1,2,0,0,17,0,1,3,0,136
0,19,0,1,0,1,2,0,1,0,3,0,0,0,1,1,0,0,0,9,28,3,0,0,0,1,2,0,4,0,2,19,0,0,8,1,0,0,0,0
1,5,0,26,29,1,0,6,1,2,3,3,0,4,8,41,1,1,10,9,14,2,0,0,1,2,2,0,0,5,1,1,0,0,11,0,0,0,15,3
0,0,2,9,28,1,0,1,1,3,0,0,1,2,1,38,0,0,1,10,15,2,0,0,4,4,1,0,0,3,0,0,0,0,11,0,0,0,2,2
0,3,0,1,0,0,0,0,0,0,12,0,0,0,11,2,0,6,0,19,12,0,0,0,1,0,0,0,0,3,0,3,0,0,1,0,0,1,0,8
1,2,20,194,21,12,0,15,7,0,3,0,6,8,25,9,0,3,71,25,6,18,0,0,0,24,20,0,11,15,4,4,0,0,57,1,0,0,57,0
2,0,4,110,52,1,0,16,1,4,16,4,0,10,21,96,0,3,25,12,33,2,0,0,8,3,3,1,9,12,0,1,0,1,12,0,0,1,31,5
3,11,2,5,321,9,0,16,0,21,17,25,1,3,16,585,0,11,3,41,165,11,2,0,77,3,5,9,2,8,1,28,0,0,30,0,0,0,0,16
0,0,5,304,13,0,0,21,0,0,28,0,0,16,65,0,0,4,110,43,6,1,1,0,0,2,0,0,14,30,0,0,0,0,4,0,1,2,105,6
0,0,5,17,3,1,0,1,2,0,6,0,0,1,4,1,0,2,2,18,3,1,0,0,1,3,2,0,0,5,0,1,0,0,18,0,0,0,0,4
0,0,0,0,6,0,0,0,0,0,0,2,0,1,0,12,0,1,0,3,3,2,0,0,1,1,2,0,0,1,0,1,0,0,2,0,0,0,0,1
0,2,1,34,3,0,0,3,0,0,4,0,2,3,5,4,0,1,15,4,3,0,0,0,0,0,1,0,3,4,0,0,0,0,1,0,0,0,10,0
2,35,4,10,6,1,3,0,3,1,13,0,0,2,7,13,0,0,6,24,55,1,0,0,2,1,2,0,6,2,0,29,2,1,5,0,0,0,1,2
0,1,0,0,4,0,1,0,0,0,0,0,0,0,4,4,0,3,1,5,4,0,0,0,0,2,0,0,0,1,0,0,0,0,4,0,0,1,0,2
0,0,10,19,2,2,0,0,7,0,0,0,2,1,4,1,1,1,0,25,2,6,0,0,0,21,14,0,0,0,1,2,0,0,44,1,0,0,0,0
0,1,9,286,25,0,0,26,3,0,36,0,0,17,61,8,0,11,85,40,13,5,1,0,0,8,12,0,24,19,4,0,0,0,24,0,1,1,86,16
1,7,25,93,14,11,0,1,10,0,18,0,8,5,19,2,1,5,17,53,20,20,0,0,1,34,44,0,4,3,7,12,0,1,87,3,0,2,21,8
0,2,0,0,0,0,0,0,0,0,7,0,0,0,1,0,0,1,0,3,3,0,0,0,0,0,1,0,0,2,0,0,0,0,1,0,0,0,0,0
1,0,2,1,4,0,0,1,1,0,1,0,0,0,1,3,0,2,1,6,4,0,0,0,0,3,5,0,0,0,0,0,0,0,1,0,0,0,3,0
0,19,1,93,20,2,1,9,1,2,18,0,0,4,21,26,1,6,27,43,27,1,0,0,6,1,0,0,8,15,1,19,0,1,3,0,1,1,22,10
0,9,2,2,85,6,5,8,1,1,1,5,0,3,1,138,0,0,0,15,48,1,1,0,14,2,2,0,2,2,0,4,0,0,13,0,0,0,1,0
0,0,12,11,38,3,0,1,6,4,0,1,2,1,1,59,1,0,0,12,17,5,0,0,6,15,8,0,0,1,4,3,0,0,37,0,0,0,0,0
2,152,4,24,19,2,17,0,1,1,40,4,0,1,16,28,0,0,4,88,222,0,0,0,1,1,1,0,20,4,1,175,1,16,11,0,0,2,4,4
0,16,0,2,8,0,4,1,0,0,28,1,0,0,11,7,0,8,0,48,38,1,0,0,0,0,0,1,0,8,0,19,0,3,3,0,0,1,1,22
0,0,0,1,27,0,0,3,0,2,0,1,0,1,0,44,0,0,0,2,14,2,0,0,2,0,0,0,0,0,0,3,0,0,0,0,0,0,0,0
65,2847,33,177,135,29,385,1,49,16,828,3,4,7,403,357,1,24,0,1827,3892,11,5,0,23,57,40,10,357,56,3,3286,60,257,236,3,1,38,0,85
4,22,3,3,47,5,3,3,4,5,358,1,0,12,224,92,0,176,0,503,192,1,8,0,14,5,0,2,0,147,0,25,1,2,18,0,3,7,0,235
0,4,0,2,11,1,0,1,0,0,4,2,0,1,4,17,0,0,1,3,8,0,0,0,6,0,1,0,0,1,0,2,0,0,2,0,0,0,1,2
2,6,3,94,139,4,0,12,0,9,5,10,3,8,16,272,0,2,25,4,57,4,0,0,31,0,0,1,7,4,0,5,0,0,13,0,0,0,34,0
0,10,0,25,7,0,1,1,0,0,15,0,0,2,11,8,0,7,9,15,12,0,0,0,2,0,1,0,5,10,0,8,0,1,4,0,0,1,6,6
0,2,0,38,6,1,0,0,0,0,2,0,1,4,6,0,0,0,7,5,5,1,0,0,0,1,0,0,3,1,0,8,0,1,1,1,0,0,9,0
2,2,12,27,1,2,0,0,6,0,2,0,1,4,5,0,1,3,0,33,1,6,0,0,1,17,9,0,0,5,7,2,0,0,39,1,1,0,1,4
1,3,2,12,3,0,0,0,2,0,4,0,1,0,0,0,0,0,2,5,3,2,0,0,0,3,3,0,0,1,0,1,0,0,12,0,0,0,2,1
0,2,1,29,1,0,0,5,0,0,7,0,0,1,6,0,0,1,12,3,3,0,1,0,0,0,0,0,4,2,0,1,0,0,2,0,0,0,8,2
0,1,0,5,31,1,0,1,1,2,17,2,1,2,25,60,0,7,0,30,18,1,0,0,5,0,0,0,0,12,0,2,0,0,5,0,0,0,1,17
0,2,0,3,4,0,0,0,1,0,12,0,0,1,9,3,0,4,2,24,10,2,0,0,1,1,2,0,0,5,0,3,0,0,7,0,0,1,2,8
9,443,21,49,8,4,63,0,9,2,124,1,6,5,44,28,1,0,0,310,642,11,0,0,2,19,22,1,53,6,2,546,9,29,81,1,0,3,1,6
0,4,2,41,25,1,0,2,2,1,3,0,0,0,7,25,0,1,10,5,6,2,0,0,3,6,2,1,2,1,1,2,0,1,9,0,0,1,8,0
1,2,11,51,3,5,1,3,8,0,10,0,2,4,19,0,0,7,11,45,5,6,0,0,1,16,13,0,4,4,2,3,0,0,42,1,0,0,11,14
5,0,173,210,28,24,0,1,58,0,7,0,44,31,29,2,0,5,1,280,31,68,0,0,2,208,202,0,0,3,37,23,0,0,502,16,0,0,1,1
0,0,0,2,0,0,2,0,0,0,3,0,0,0,1,0,0,1,0,4,4,0,0,0,0,0,0,0,0,0,0,0,0,0,1,0,0,0,0,0
0,1,5,19,24,3,0,0,2,3,27,3,1,5,17,53,0,12,4,34,22,5,0,0,4,7,8,1,0,9,2,0,0,0,13,0,0,0,0,19
0,15,0,1,8,2,0,0,0,1,3,2,0,0,0,15,0,0,0,9,20,0,0,0,3,0,0,1,1,0,0,9,0,3,2,0,0,0,0,0
3,4,14,17,179,7,1,14,6,10,2,18,4,6,0,297,0,0,0,32,85,15,1,0,36,12,20,4,0,4,3,10,0,1,73,0,0,0,0,0
0,0,1,7,1,1,0,0,0,0,24,0,0,1,34,1,0,17,2,36,8,1,0,0,0,1,0,0,0,11,1,0,0,0,1,0,0,1,2,20
0,2,0,4,4,0,0,2,0,0,0,1,0,0,2,11,0,0,1,2,6,2,0,0,0,2,0,0,0,0,0,1,0,0,1,0,0,0,0,0
0,1,1,3,1,0,0,0,2,0,0,0,1,0,0,2,0,0,0,5,2,2,0,0,1,1,4,0,0,0,2,0,0,0,6,0,0,0,2,0
0,5,8,28,6,6,0,3,1,0,3,1,1,2,2,6,0,1,5,18,6,8,0,0,1,13,9,0,1,2,0,4,0,0,19,0,0,0,2,0
3,22,93,149,22,18,3,0,51,0,17,0,16,19,25,3,5,8,3,184,45,35,0,0,2,120,99,0,2,3,24,27,0,1,281,7,0,0,0,3
7,256,6,483,39,3,30,34,4,0,94,0,2,20,114,32,1,11,156,202,385,4,0,0,1,1,4,1,71,36,1,312,8,22,19,0,2,3,135,6
0,0,3,65,3,1,0,10,1,0,4,0,1,1,7,5,0,3,36,7,3,1,0,0,0,5,2,0,5,4,0,0,0,0,8,0,1,0,24,4
0,11,3,4,1,0,0,0,0,0,3,0,1,0,0,0,0,1,1,4,4,1,0,0,0,6,0,0,2,0,1,9,0,0,5,0,0,0,2,0
0,1,0,6,1,1,0,0,4,0,5,0,1,0,4,3,0,3,0,15,6,1,0,0,1,1,0,0,0,5,0,1,0,0,7,0,1,0,0,8
0,0,0,11,44,0,0,4,1,3,3,1,0,1,2,77,0,1,6,8,14,2,0,0,4,0,0,0,3,4,0,3,0,0,3,0,1,0,7,0
0,0,1,0,23,3,0,2,0,1,0,1,0,0,1,19,0,2,1,1,8,0,1,0,4,0,0,0,0,1,0,0,0,0,1,0,0,0,1,0
1,2,31,85,11,6,0,6,14,0,1,0,8,9,13,5,0,0,18,50,7,12,0,0,0,40,36,0,6,1,11,3,0,0,103,2,0,0,9,0
1,4,3,8,0,0,0,0,0,0,185,0,1,4,97,0,0,67,1,202,57,0,0,0,5,4,1,0,1,57,0,4,0,0,10,0,0,0,0,88
1,15,14,24,13,5,1,1,3,0,20,1,5,3,17,16,0,9,1,59,30,5,0,0,3,11,16,0,2,8,3,16,0,2,46,1,0,0,2,5
0,1,2,70,7,0,0,5,1,0,3,0,1,4,10,1,0,3,19,5,3,1,0,0,0,1,3,0,10,4,0,2,0,1,3,0,0,0,21,3
0,1,10,14,0,4,0,0,6,0,2,0,5,1,3,6,0,0,3,13,2,3,0,0,0,9,15,0,0,0,2,2,0,0,20,1,0,0,1,3
0,1,9,23,2,2,0,2,6,0,2,0,2,2,3,2,1,1,0,21,3,12,0,0,0,19,18,0,0,0,4,1,0,0,34,0,0,0,1,0
0,4,1,82,8,1,1,6,1,0,8,1,0,5,9,1,0,1,36,10,4,2,0,0,0,1,0,0,4,8,1,3,0,0,2,0,0,1,29,1
0,2,0,3,1,0,0,1,0,0,1,0,0,0,0,7,0,0,1,2,1,0,0,0,0,0,0,0,0,0,0,0,0,0,0,0,0,0,0,0
2,2,89,118,16,14,0,0,42,0,1,0,25,15,15,1,1,3,0,158,22,34,0,0,2,105,112,0,0,0,23,8,0,0,308,5,0,0,0,3
0,2,2,88,27,1,0,6,1,2,24,3,0,9,19,41,1,6,39,26,16,2,0,0,7,0,0,0,2,14,0,1,0,0,8,0,0,0,35,12
0,4,2,34,3,0,2,1,0,0,14,0,0,0,10,1,0,5,9,23,5,1,0,0,1,0,0,0,1,6,0,2,0,1,2,0,0,0,6,2
0,1,0,25,8,0,0,2,0,1,2,1,0,1,6,16,0,3,4,5,4,0,0,0,2,0,0,0,0,0,0,4,0,0,0,0,0,0,6,0
1,65,1,28,191,12,10,22,2,14,35,9,3,1,13,325,0,5,10,58,205,3,0,0,30,1,1,1,9,7,0,72,0,7,23,0,0,0,3,7
2,0,2,8,177,7,0,7,1,9,1,16,0,5,3,315,0,1,1,4,83,7,1,0,43,2,1,9,0,4,0,7,0,0,23,0,0,0,0,1
0,14,0,27,23,3,2,2,0,0,40,2,1,5,22,46,0,7,6,43,38,0,2,0,2,3,0,2,2,12,0,21,1,0,7,0,0,0,7,15
0,1,1,24,9,0,1,1,0,0,1,1,0,0,5,5,0,0,11,2,6,0,0,0,0,0,0,1,4,2,0,0,0,0,1,0,0,0,5,2
1,52,1,2,4,2,4,1,3,1,38,0,0,2,29,11,0,12,0,62,64,3,2,0,0,2,2,0,1,9,0,36,1,6,8,0,0,3,0,10
0,0,5,24,4,0,0,2,2,1,4,0,1,1,3,8,0,0,2,3,9,3,0,0,2,5,5,0,2,0,2,1,0,0,14,0,0,0,3,0
0,3,82,92,11,13,1,0,27,0,3,0,21,11,12,3,2,7,0,113,26,33,0,0,1,72,92,0,0,2,14,9,0,0,244,4,0,0,1,2
0,0,2,178,16,1,0,17,3,0,7,0,0,5,29,3,0,3,47,6,1,2,0,0,0,1,5,0,8,8,0,0,0,0,3,0,0,2,60,0
0,0,0,0,51,3,0,3,0,5,162,4,0,7,126,112,0,93,0,218,87,1,4,0,18,2,0,0,0,74,0,0,0,0,8,0,1,1,1,103
0,7,2,22,11,0,1,3,0,2,2,2,0,5,5,12,1,3,6,5,7,0,0,0,1,0,0,0,3,2,0,7,0,1,0,0,0,0,5,0
0,2,1,10,6,0,0,2,0,1,67,0,1,3,31,14,1,31,1,72,23,0,1,0,2,1,1,0,2,35,0,5,0,0,5,0,0,0,1,28
3,1,4,6,125,8,0,4,1,7,0,6,0,5,2,257,0,0,0,7,53,7,0,0,31,4,3,4,0,5,1,3,0,1,27,1,0,0,0,0
0,20,5,8,12,4,1,2,0,1,6,2,0,1,2,25,0,0,1,20,28,3,0,0,2,7,3,0,2,0,1,22,0,1,18,1,0,3,0,0
0,6,0,2,2,0,0,0,0,0,2,0,0,0,3,0,0,0,0,3,7,0,0,0,1,0,0,0,1,1,0,7,0,1,2,0,0,0,1,2
0,5,1,4,1,0,0,1,0,0,0,1,0,0,4,1,0,1,2,6,1,1,0,0,0,1,0,0,1,0,0,3,0,0,0,0,0,0,0,1
0,7,10,11,4,0,1,0,3,0,4,0,1,1,1,9,0,0,1,19,10,1,0,0,2,7,7,0,1,0,0,6,0,0,17,0,0,0,0,0
1,1,0,2,10,1,0,0,0,1,2,2,0,0,1,15,0,0,0,3,6,0,0,0,3,1,0,0,0,0,0,2,0,0,0,0,0,0,0,0
1,11,12,104,6,1,3,11,6,0,5,0,2,1,17,0,0,1,29,17,20,2,0,0,1,5,11,1,8,4,1,10,2,1,12,0,0,2,24,0
0,8,5,50,2,1,0,1,0,0,4,0,0,3,11,0,0,4,9,16,11,1,0,0,1,3,11,0,3,3,0,12,0,0,15,0,0,1,9,1
0,1,0,0,3,2,0,1,0,0,0,0,0,0,1,8,0,1,0,0,2,0,0,0,0,0,0,1,0,1,0,2,0,0,1,0,0,0,0,0
2,42,2,15,26,3,3,1,2,3,5,2,0,1,4,46,0,1,0,24,58,5,0,0,5,4,6,1,5,2,2,44,0,3,16,1,0,0,0,0
0,9,18,181,11,4,1,14,10,1,13,1,6,9,24,8,0,5,59,47,10,10,0,0,0,15,17,0,16,14,3,10,1,1,50,1,0,3,57,2
0,1,3,11,3,2,3,0,6,2,9,0,0,5,2,6,2,1,0,23,8,4,0,0,0,11,12,0,0,0,3,8,0,1,21,0,0,0,0,2
1,24,2,116,11,1,4,8,0,0,55,0,0,8,56,5,0,26,33,74,47,0,2,0,1,3,0,0,15,21,0,16,1,2,3,0,1,0,25,37
1,0,1,17,30,1,0,0,0,2,1,0,0,0,4,42,0,0,1,2,16,2,0,0,4,1,1,1,0,0,0,2,0,0,1,0,0,0,4,0
1,0,35,39,12,10,0,0,19,0,16,0,10,2,9,5,0,5,0,78,14,8,0,0,2,55,52,0,0,3,11,6,0,0,132,4,0,0,0,9
0,1,0,2,11,0,0,0,0,0,2,1,0,0,1,20,0,2,1,0,4,0,0,0,2,0,0,0,1,1,0,2,0,0,2,0,0,0,1,1
1,0,0,22,39,2,0,3,1,4,162,1,0,3,106,75,0,87,9,241,66,0,11,0,6,0,1,1,3,57,0,3,0,0,2,0,2,2,4,108
0,0,1,7,23,3,0,3,2,2,0,3,1,1,0,43,0,1,2,5,9,0,0,0,4,1,2,0,1,0,0,2,0,0,7,0,0,0,0,1
0,13,1,1,3,0,2,2,0,0,13,0,1,0,6,4,0,8,2,21,17,0,0,0,2,2,0,0,2,3,0,9,0,3,4,0,0,0,1,4
0,13,0,21,11,1,3,2,0,3,14,0,0,1,13,29,0,10,5,28,22,1,0,0,3,1,1,0,2,4,0,14,0,1,3,0,0,1,3,6
0,2,0,10,8,0,0,0,0,0,1,0,2,0,0,23,0,0,2,0,0,1,0,0,1,0,2,0,1,1,0,2,0,0,2,0,0,0,1,0
5,2,241,304,32,57,0,1,111,0,3,0,71,36,36,2,3,2,0,400,43,105,0,0,2,252,245,0,0,0,54,22,0,1,736,21,0,0,0,1
0,1,0,0,9,0,0,1,0,0,0,0,0,0,1,16,0,0,0,2,3,0,0,0,3,0,0,0,0,0,0,1,0,0,0,0,0,0,0,1
0,28,22,36,5,7,1,0,11,0,9,0,8,1,15,5,1,1,0,52,39,7,0,0,0,34,35,0,2,1,4,31,2,0,85,2,0,0,1,1
4,3,202,232,37,47,1,0,76,1,8,1,35,21,36,11,3,4,2,318,46,84,1,0,0,213,214,0,3,4,36,22,0,1,586,11,0,1,0,8
0,33,1,5,5,0,2,1,0,4,12,0,1,0,2,4,0,1,0,22,47,1,0,0,0,0,0,0,2,1,0,37,0,3,1,0,0,1,4,2
0,1,4,22,4,1,0,2,1,3,12,0,1,3,10,10,0,0,2,10,13,5,0,0,3,8,5,0,0,5,1,0,1,0,5,0,0,0,4,8
0,9,6,85,10,2,1,7,3,1,13,0,0,5,12,7,0,6,31,15,13,4,0,0,0,2,6,0,5,5,0,12,0,0,14,0,0,1,26,3
1,13,0,20,6,0,1,0,1,0,2,0,0,1,7,8,0,0,5,6,19,0,0,0,0,0,0,0,3,2,0,10,1,0,2,0,0,0,3,1
0,0,2,95,9,0,0,14,0,0,12,0,0,5,29,3,1,3,42,8,1,0,0,0,0,2,1,0,9,7,0,2,0,0,2,0,0,0,33,3
0,1,1,5,7,0,0,1,0,0,1,0,0,0,1,9,0,1,2,4,2,0,0,0,1,1,0,0,1,0,0,0,0,0,2,0,0,0,0,0
0,4,3,4,16,1,0,0,0,1,24,1,0,2,12,17,0,17,0,45,17,2,0,0,2,3,3,1,1,17,0,3,0,0,4,0,0,0,0,25
4,0,115,137,21,25,0,0,37,1,17,0,25,23,15,6,2,8,0,196,26,44,0,0,0,167,123,0,0,7,23,8,0,0,354,8,0,0,1,8
0,13,28,45,4,11,3,1,15,0,5,0,5,5,10,2,0,3,11,53,24,8,0,0,0,35,27,0,5,1,5,18,0,0,86,1,0,1,9,0
0,0,23,26,11,4,0,0,19,2,0,0,5,5,8,17,0,0,1,45,10,12,0,0,3,33,28,0,0,0,7,4,0,0,82,1,0,0,3,0
7,206,84,105,18,26,30,1,38,0,84,0,23,16,28,17,1,10,3,260,291,43,0,0,1,111,98,1,29,4,18,246,4,28,287,6,0,3,3,7
0,12,0,2,9,2,0,1,1,1,7,0,0,1,0,16,0,0,0,12,23,0,1,0,0,1,2,0,1,1,2,13,1,4,1,0,0,0,0,0
0,2,1,15,68,7,0,9,1,1,5,4,0,1,2,135,0,1,0,13,30,2,1,0,11,3,2,0,0,3,0,5,0,1,18,0,0,0,4,0
1,3,15,107,11,2,2,9,5,1,25,1,0,9,25,6,0,9,23,34,24,4,0,0,2,12,9,0,8,13,1,6,0,0,30,0,0,3,31,10
0,1,1,3,9,2,0,0,0,2,2,1,1,1,0,19,0,0,0,6,8,1,0,0,1,0,0,1,0,0,0,3,0,0,1,0,0,0,0,0
1,9,0,17,43,2,0,5,1,4,10,5,0,3,6,112,0,5,6,13,44,3,1,0,11,1,0,1,4,6,0,15,0,2,8,0,0,0,3,2
0,1,1,10,8,1,0,2,0,1,7,0,0,0,5,9,0,1,5,5,7,0,0,0,1,4,0,0,0,0,0,0,0,0,6,0,0,1,4,2
0,0,1,0,1,0,0,0,1,0,10,0,0,0,2,0,0,0,1,13,2,0,0,0,0,2,0,0,0,3,0,0,0,0,0,0,0,0,0,7
1,6,2,16,0,1,0,1,2,0,21,0,0,0,10,1,0,10,1,35,20,1,0,0,3,3,6,0,3,6,0,13,0,2,10,0,0,0,2,11
0,5,7,31,2,1,1,1,3,0,3,0,1,1,5,4,0,2,11,18,12,1,0,0,0,4,4,1,3,2,1,11,0,0,7,1,0,0,3,1
0,6,0,9,13,3,0,2,0,0,13,0,0,3,8,13,0,5,2,13,18,1,0,0,1,0,0,0,2,6,0,4,1,1,2,0,0,0,1,3
0,2,4,4,121,6,0,3,1,11,24,15,2,5,13,168,0,11,0,47,52,2,1,0,17,4,3,3,0,9,0,3,0,0,28,0,1,1,0,24
1,22,0,16,7,0,4,0,0,0,11,1,0,0,7,19,0,4,5,31,34,2,0,0,2,1,3,0,6,4,0,23,0,3,9,0,0,0,7,4
1,4,0,72,6,1,3,5,0,1,9,0,0,5,11,17,0,4,22,9,11,1,0,0,1,1,0,0,9,6,0,8,0,1,0,0,0,2,17,2
0,22,0,9,4,0,1,0,1,0,6,0,0,1,7,5,0,0,0,13,37,0,0,0,1,0,1,0,5,1,0,24,0,3,4,0,0,0,2,1
0,21,8,11,55,3,1,4,2,4,23,5,5,1,10,91,0,4,0,36,55,6,2,0,9,7,5,0,3,6,0,37,0,0,23,2,0,0,0,11
0,42,1,16,18,1,7,1,0,0,15,2,1,0,10,34,0,0,5,21,61,0,0,0,8,1,0,1,6,4,0,43,1,3,3,0,0,0,6,3
0,1,4,7,0,1,0,0,1,0,0,0,1,0,3,5,0,2,1,3,5,1,0,0,1,6,4,0,1,0,0,2,0,0,11,0,0,0,1,1
1,2,0,73,61,5,1,4,0,3,33,2,0,6,31,115,0,18,23,58,41,4,2,0,11,0,1,0,4,18,0,5,0,1,4,0,1,1,19,34
0,5,17,73,13,1,0,7,2,0,4,0,5,5,15,10,1,4,33,18,7,11,0,0,2,22,20,0,8,9,2,4,0,0,43,0,0,3,23,4
0,0,3,204,18,1,0,15,0,0,18,0,0,8,48,2,0,6,63,19,4,3,0,0,0,5,0,0,8,20,0,0,0,0,5,0,0,5,59,5
1,5,0,1,106,8,2,5,0,14,5,7,0,2,3,171,0,4,2,8,55,5,0,0,19,0,2,2,0,1,0,7,0,1,11,0,0,0,0,0
2,5,0,14,20,2,0,1,1,0,8,2,0,1,2,42,0,0,3,11,16,1,0,0,5,1,1,0,3,0,0,6,0,0,4,0,1,0,1,2
0,0,1,113,5,1,0,8,4,0,105,0,1,6,95,0,0,48,36,166,43,2,0,0,2,3,4,0,3,59,0,1,0,0,12,0,1,1,24,85
0,6,2,5,3,1,1,0,2,0,1,0,0,1,4,1,0,1,0,8,12,0,0,0,0,1,2,0,1,0,0,14,0,2,4,0,0,0,0,0
0,3,0,13,2,0,2,1,0,0,1,0,0,0,2,2,0,0,3,0,5,0,0,0,0,0,0,0,1,0,0,4,0,0,0,0,0,1,0,1
1,1,0,2,0,0,0,0,2,0,3,0,0,0,1,1,0,0,0,4,3,1,0,0,0,0,0,0,0,1,0,3,0,0,3,0,0,0,1,0
2,119,0,113,20,0,11,9,1,1,29,1,0,6,21,24,0,3,32,71,163,0,0,0,7,0,0,1,16,6,0,120,3,9,9,0,0,0,36,4
1,4,8,21,5,3,1,0,3,0,2,0,1,1,2,4,0,0,4,8,10,1,0,0,1,2,8,0,0,0,0,5,0,1,24,0,0,0,1,0
0,0,15,19,12,4,0,0,10,0,1,0,2,4,6,14,1,0,2,20,4,3,0,0,2,25,22,0,1,0,3,1,0,0,51,1,0,0,1,0
0,0,1,2,33,2,0,0,0,3,0,1,1,1,0,69,0,0,2,0,14,2,0,0,7,0,0,0,0,0,0,0,0,0,1,0,0,0,2,0
0,0,3,4,2,0,0,0,0,0,1,0,0,1,1,3,0,0,0,6,0,1,0,0,0,4,6,0,0,0,0,0,0,0,11,0,0,0,0,0
1,54,2,16,1,0,4,2,1,1,26,0,0,1,16,5,0,10,6,66,78,1,0,0,0,2,2,0,11,7,0,52,2,2,6,0,0,1,4,8
1,0,0,0,231,13,0,8,0,11,0,21,0,4,0,446,0,1,3,4,87,12,1,0,44,0,1,5,0,3,0,4,0,0,27,0,0,0,0,0
0,8,3,96,8,2,1,6,1,1,7,0,0,4,16,15,0,2,16,14,23,1,0,0,0,5,4,0,5,2,2,13,0,2,4,0,1,0,18,0
3,2,11,37,37,4,0,4,7,2,1,0,4,0,9,49,0,0,6,31,21,8,0,0,5,12,19,1,1,1,4,4,0,0,51,0,0,0,3,1
0,1,0,1,0,0,0,1,1,0,85,0,0,4,80,2,0,50,0,113,20,0,1,0,1,1,1,0,0,28,0,2,0,0,4,0,2,2,0,59
0,0,0,7,0,0,0,0,0,0,28,0,0,1,24,6,0,10,0,52,20,0,0,0,0,1,3,0,0,8,0,2,0,0,1,0,0,1,0,22
0,0,17,18,13,2,0,0,6,3,0,0,3,5,2,26,0,0,1,27,13,7,0,0,2,21,14,0,0,0,3,1,0,0,50,0,0,0,0,0
0,3,4,198,19,0,1,16,0,1,7,0,0,5,42,6,0,4,67,4,3,0,0,0,0,1,0,0,14,13,0,1,0,0,0,0,2,0,48,1
0,10,1,5,2,1,2,0,1,0,28,0,0,1,18,1,0,7,0,40,26,2,0,0,0,5,3,0,0,7,1,10,0,1,12,0,0,1,2,17
0,20,1,77,12,0,1,10,0,0,14,0,1,3,11,10,0,1,18,21,28,1,0,0,3,2,2,1,5,7,1,23,1,4,3,0,1,2,26,5
3,144,0,7,1,1,9,0,3,1,42,0,1,0,13,20,0,0,1,66,176,0,0,0,2,3,0,0,17,3,0,137,5,16,8,0,0,2,1,2
1,0,0,2,5,0,0,0,0,0,4,0,0,0,2,10,0,2,0,2,2,0,0,0,1,0,0,0,0,0,0,0,0,0,1,0,0,0,0,0
0,0,0,20,3,0,0,2,0,0,50,0,0,2,27,0,0,28,7,51,12,0,0,0,3,0,0,0,1,15,0,1,0,0,3,0,0,2,2,28
0,0,24,27,5,7,0,0,7,0,0,0,5,8,2,1,0,1,1,38,4,9,0,0,0,25,42,0,0,0,7,1,0,1,84,1,0,0,1,0
2,1,0,6,59,1,0,1,0,7,4,10,0,2,2,134,0,1,0,1,24,2,0,0,13,1,1,0,2,0,0,1,0,0,11,0,0,0,1,0
1,2,0,1,1,0,1,0,0,1,7,0,0,1,10,6,0,4,0,5,15,1,0,0,2,0,0,0,3,0,0,7,0,0,0,0,1,0,0,2
0,9,2,90,69,4,2,5,0,9,6,3,0,9,12,114,0,1,25,11,39,3,0,0,13,1,1,1,4,4,0,10,0,1,22,0,0,0,32,1
6,152,0,6,44,3,22,1,0,6,32,7,0,0,14,86,0,0,0,85,219,1,0,0,1,1,0,2,19,3,0,224,4,15,6,0,0,2,0,3
0,6,3,2,0,1,0,0,1,0,5,1,0,1,2,2,0,1,0,11,8,1,0,0,1,2,3,0,0,3,0,2,0,1,3,0,0,0,0,4
0,13,1,73,26,4,3,6,0,1,6,0,0,7,17,40,0,2,19,11,20,2,0,0,4,0,1,2,5,5,1,15,1,3,5,0,0,0,24,0
0,17,0,12,3,0,3,1,0,0,8,0,0,0,6,3,0,0,5,14,45,0,0,0,1,0,1,0,3,2,0,21,0,1,2,0,0,1,7,0
0,2,2,65,7,0,1,6,0,0,6,2,0,1,15,6,0,4,18,10,4,0,0,0,0,1,2,0,6,4,0,3,0,0,7,0,1,0,22,0
0,5,0,15,1,0,0,0,0,0,4,0,0,3,5,0,0,2,9,1,9,0,0,0,0,0,0,0,7,2,0,7,0,0,0,0,0,0,4,0
3,59,7,64,22,1,7,7,0,4,22,4,0,3,19,39,0,1,18,49,91,1,0,0,9,3,9,0,9,5,2,54,1,5,23,1,1,0,19,0
0,41,2,3,41,2,4,0,3,4,11,3,0,1,7,51,0,0,0,18,59,3,0,0,10,2,5,2,5,2,0,59,0,2,8,0,0,0,0,1
2,50,6,29,207,17,7,12,1,16,10,15,6,4,10,385,0,0,12,31,172,9,0,0,53,4,5,5,6,12,0,57,0,3,31,0,0,0,9,3
0,1,1,1,87,3,0,6,0,8,1,3,0,3,2,169,0,0,1,3,53,6,1,0,19,1,1,0,0,0,0,3,0,0,9,0,0,0,0,0
0,6,5,7,0,1,1,2,0,0,12,0,0,0,10,0,0,9,1,22,6,3,0,0,0,2,2,0,1,6,0,9,0,0,9,1,0,0,2,9
0,1,0,2,4,0,0,0,0,0,1,1,1,0,3,7,0,0,0,5,6,0,0,0,1,0,1,0,1,3,0,1,0,0,0,0,0,0,0,0
3,45,24,34,6,4,7,1,10,1,10,0,3,4,11,5,0,1,3,80,86,14,0,0,0,28,27,0,11,1,5,64,1,7,78,1,0,0,8,1
0,5,7,338,31,0,1,24,1,0,21,0,0,16,44,7,0,10,116,8,2,0,0,0,1,0,0,0,25,25,0,5,0,0,0,0,1,2,97,3
0,0,3,4,26,0,0,3,2,1,14,4,0,0,11,34,0,9,0,27,13,2,2,0,0,1,3,0,0,5,0,3,0,0,14,0,0,0,0,7
0,0,1,1,0,0,0,0,0,0,0,0,0,0,0,0,0,1,0,2,1,0,0,0,0,2,0,0,0,0,0,0,0,0,2,0,0,0,1,0
0,0,8,9,9,2,0,0,3,0,6,0,2,0,1,3,0,0,0,11,5,2,0,0,1,12,5,0,2,0,0,1,0,0,24,0,0,0,0,2
3,0,0,0,245,18,1,15,1,18,188,14,0,8,116,438,0,74,0,244,176,8,2,0,57,1,1,4,0,55,0,5,0,0,22,0,3,0,0,113
0,0,2,25,5,0,0,1,0,0,8,0,1,3,13,1,0,10,4,14,4,0,1,0,2,2,0,0,1,8,0,1,0,0,8,0,0,0,6,9
0,1,0,1,10,1,0,0,0,1,0,0,0,0,1,18,0,0,0,2,8,0,1,0,3,0,0,0,0,0,0,1,0,0,1,0,0,0,1,1
0,2,0,0,9,2,0,0,0,2,2,6,0,0,0,11,0,0,1,2,10,1,0,0,1,0,0,0,1,0,0,1,0,0,1,0,0,0,0,0
0,6,0,0,0,0,0,0,0,0,0,0,0,0,0,0,0,2,0,3,4,0,0,0,0,0,1,0,0,0,0,0,0,0,1,0,0,0,0,0
0,3,0,11,6,0,1,0,0,0,2,0,1,0,2,18,0,0,2,2,5,0,0,0,1,0,0,0,2,0,0,2,0,0,0,0,0,0,0,1
0,11,2,16,10,0,0,2,0,2,1,0,0,2,9,20,0,2,5,16,28,2,0,0,0,1,0,0,2,1,0,8,0,1,5,0,0,0,2,0
0,26,2,20,4,0,6,3,0,0,11,0,2,2,8,6,0,0,3,18,58,0,0,0,0,5,5,0,7,1,0,32,1,3,11,0,0,0,5,0
0,3,19,799,41,2,1,78,3,0,59,0,2,23,158,3,1,31,259,59,14,7,1,0,1,3,3,0,55,67,1,1,0,2,15,0,2,6,213,15
0,0,0,105,32,3,0,14,0,2,99,0,0,9,75,38,0,47,36,114,53,4,0,0,4,1,1,1,6,40,2,0,0,0,12,0,1,1,23,57
0,2,2,5,1,1,0,0,1,0,1,0,2,3,5,4,0,0,0,10,4,4,0,0,1,7,4,0,0,1,3,2,0,1,11,0,0,0,0,0
0,0,8,187,20,0,0,19,3,1,9,3,3,6,24,23,1,1,57,24,10,1,0,0,1,7,12,0,14,10,1,1,0,0,19,0,1,0,48,0
0,1,1,10,1,1,0,0,0,0,3,0,0,0,2,4,0,0,3,12,3,0,0,0,1,3,0,0,2,1,0,1,0,0,3,0,0,0,1,2
0,3,1,6,7,1,0,0,2,0,6,0,0,0,1,2,0,0,1,13,8,0,0,0,2,5,5,0,0,2,2,4,0,0,8,0,0,0,1,1
1,34,0,4,2,0,9,0,1,0,10,0,0,0,3,3,0,0,2,29,40,0,0,0,0,1,1,0,4,0,0,37,0,2,5,0,0,0,2,3
11,580,9,56,18,5,65,3,7,1,148,1,1,2,63,52,0,2,6,364,755,2,0,0,1,6,11,2,75,8,0,643,7,59,42,1,0,9,6,13
1,30,0,3,0,2,4,0,1,1,10,0,0,0,3,3,0,1,0,32,53,0,0,0,0,1,0,0,4,0,0,47,0,2,2,0,0,0,0,2
1,0,1,3,42,0,0,1,0,0,1,4,0,1,0,73,0,0,0,1,18,0,0,0,6,2,0,1,1,1,0,0,0,0,7,0,0,0,2,0
1,2,1,8,3,1,0,1,0,0,15,0,0,0,12,3,0,10,0,28,11,0,0,0,0,0,0,0,0,6,0,5,0,1,2,0,0,0,2,18
0,0,4,2,4,0,0,0,0,0,2,0,0,1,0,2,0,1,0,8,3,2,0,0,0,0,1,0,0,0,0,1,0,0,0,0,0,0,0,0
0,7,2,31,4,1,1,2,3,0,8,0,1,1,6,5,0,0,11,6,10,1,0,0,1,7,1,0,3,2,0,12,0,0,7,0,0,0,10,1
1,0,6,65,21,1,0,10,2,2,40,3,0,4,36,34,1,15,20,46,17,5,0,0,2,4,4,0,2,14,0,0,0,0,18,1,1,1,20,23
1,1,0,1,1,1,0,1,0,1,2,1,0,3,2,4,1,0,1,0,8,0,0,0,1,1,0,0,1,1,0,3,0,0,0,0,0,1,2,1
0,0,3,20,30,2,0,0,3,1,77,2,1,2,53,38,0,38,2,105,42,4,3,0,10,3,1,0,0,33,0,0,0,0,6,0,1,1,6,52
0,4,2,6,4,1,0,0,0,0,4,0,1,2,2,11,0,0,0,6,4,2,0,0,0,6,4,0,1,0,3,1,0,1,6,0,0,0,0,0
0,12,3,8,5,1,1,0,0,0,7,0,0,2,4,2,0,0,2,19,20,1,0,0,0,5,2,0,1,1,0,23,0,2,9,0,0,0,3,0
2,0,1,2,243,12,0,14,0,16,5,9,3,1,1,431,0,3,0,18,118,12,0,0,49,0,2,5,0,4,1,8,0,0,34,0,0,0,0,4
1,54,0,2,2,1,7,1,1,1,13,0,1,0,8,11,0,2,0,27,69,0,1,0,3,0,1,0,5,6,0,50,0,8,3,0,0,0,0,4
0,0,1,7,11,0,0,0,0,2,2,0,1,0,0,18,0,1,0,3,2,0,0,0,1,1,0,0,1,2,1,0,0,0,2,0,0,0,1,1
0,0,1,6,10,2,0,0,0,0,3,2,0,2,5,23,0,0,1,8,9,1,1,0,1,0,0,0,1,0,0,3,0,1,4,0,0,0,4,2
0,0,0,6,2,0,0,0,3,0,1,0,0,0,2,0,0,0,3,1,0,0,0,0,0,0,2,0,0,0,0,1,0,0,0,0,0,0,0,0
0,1,0,1,1,1,0,0,0,0,17,0,0,0,4,1,0,6,0,20,10,0,0,0,1,2,0,0,0,9,0,1,0,0,1,0,0,0,0,3
0,0,7,20,0,3,0,1,2,0,15,0,2,0,17,0,0,8,3,28,9,5,0,0,0,11,7,0,0,8,0,1,0,0,17,0,0,0,3,8
0,8,0,5,0,0,0,1,0,0,5,0,0,1,3,0,0,1,1,11,8,0,0,0,0,0,0,0,3,1,0,14,0,0,1,0,0,1,0,4
0,10,9,21,16,6,1,2,9,1,7,1,0,5,5,13,0,1,1,26,17,8,0,0,4,16,16,0,1,2,3,9,0,0,34,0,0,1,0,1
0,25,0,15,110,2,2,3,0,7,42,8,3,2,31,190,0,17,3,38,56,2,0,0,9,1,1,0,5,12,2,33,1,1,17,0,2,0,4,15
0,0,1,6,8,0,0,0,0,0,2,1,0,0,5,9,0,0,4,2,7,1,0,0,5,0,0,0,0,2,0,1,0,0,0,0,0,0,1,1
0,0,16,56,7,2,0,7,11,0,103,0,2,2,80,5,0,52,15,163,36,6,3,0,2,15,21,0,4,39,6,7,0,0,61,4,1,3,13,79
0,3,1,6,1,1,0,0,2,0,5,0,0,0,2,3,0,3,2,7,6,0,0,0,0,1,0,0,1,0,0,5,0,1,3,0,0,0,3,1
0,10,0,3,0,0,1,0,1,0,5,0,0,0,1,0,0,0,1,11,13,0,0,0,0,0,0,0,3,0,0,7,0,2,4,0,0,0,1,0
2,3,4,24,325,11,0,16,2,24,1,24,6,6,6,595,1,3,9,21,143,17,1,0,55,5,4,8,0,12,1,13,0,2,47,0,0,1,12,0
0,7,2,2,19,2,1,1,0,0,28,1,0,0,14,29,0,11,0,40,37,1,0,0,8,0,1,1,1,10,0,11,0,2,6,0,0,0,0,15
0,2,4,235,40,1,0,27,0,5,10,2,0,12,40,49,0,4,72,5,13,2,0,0,6,0,0,0,16,12,0,2,0,0,4,0,0,0,67,0
2,9,36,52,12,15,1,0,16,0,2,1,16,9,11,19,0,2,0,86,17,31,0,0,2,59,48,0,0,1,11,13,0,1,127,1,0,0,1,0
0,2,5,85,14,0,0,7,0,0,14,0,0,5,9,13,0,5,30,22,8,0,0,0,2,0,1,0,6,3,0,3,0,0,8,0,0,0,14,2
0,5,3,6,6,0,0,0,0,0,3,0,0,0,1,10,0,0,1,8,13,0,0,0,0,1,2,0,2,0,0,11,1,0,9,0,0,1,1,1
2,5,4,184,11,0,0,21,1,0,33,0,0,11,57,0,0,13,65,33,11,0,0,0,1,1,0,0,6,24,0,5,0,1,1,0,2,0,51,21
0,0,0,8,0,0,0,1,0,0,9,0,0,1,4,2,0,6,3,9,4,0,0,0,0,0,0,0,0,3,0,1,0,0,0,0,0,0,3,5
0,6,1,3,0,0,0,0,0,0,2,0,0,0,1,1,0,0,1,5,10,0,0,0,0,1,0,0,1,0,0,12,0,3,2,0,0,0,0,0
0,1,1,13,5,0,0,2,0,1,4,0,0,0,0,9,0,1,3,2,3,0,0,0,2,0,0,0,0,1,0,5,0,1,5,0,0,0,5,0
1,1,12,13,4,4,0,5,1,0,40,0,2,1,34,9,0,20,2,93,24,7,0,0,5,13,10,1,0,33,2,0,0,0,17,1,0,0,3,35
0,2,4,42,7,2,0,2,3,1,18,0,2,3,24,8,0,13,5,47,17,5,0,0,0,8,9,0,3,14,3,1,0,0,23,0,0,1,6,15
0,3,3,5,3,2,0,0,0,0,1,0,0,1,4,9,0,0,1,2,8,0,0,0,0,2,5,0,0,0,1,8,0,0,13,0,0,0,0,0
1,30,23,64,17,5,7,6,15,1,12,0,6,9,17,18,0,1,15,66,55,14,0,0,2,35,26,0,5,2,6,50,1,4,78,1,0,1,7,0
0,0,1,13,4,0,0,2,0,0,6,1,0,0,5,5,0,2,5,8,3,0,0,0,1,4,3,0,0,9,1,2,0,0,5,0,0,0,2,3
0,2,17,16,2,2,1,1,1,0,4,0,1,3,8,1,0,2,4,15,14,3,0,0,0,18,22,0,2,1,3,6,0,0,50,1,0,0,0,0
2,22,10,33,12,1,1,3,7,1,36,0,2,4,32,16,0,15,4,73,28,5,1,0,6,14,11,0,3,14,1,18,0,1,39,0,2,2,3,18
1,2,31,56,6,6,0,1,11,0,6,0,6,5,10,2,0,3,7,39,8,17,0,0,0,23,32,0,1,5,4,7,0,0,96,3,0,0,2,3
1,49,3,30,2,0,5,3,2,0,17,0,0,1,18,3,1,6,8,30,66,2,1,0,0,6,4,0,6,4,0,49,0,7,19,0,1,1,14,5
0,1,0,0,9,1,0,0,1,0,0,0,0,0,2,9,0,0,0,3,4,0,0,0,0,0,0,0,0,0,0,4,0,0,3,0,0,0,0,0
0,16,3,100,6,1,0,8,1,0,6,0,3,6,12,3,0,1,28,16,16,2,0,0,0,4,7,1,6,7,0,7,0,1,18,0,0,0,15,1
0,5,13,253,22,2,0,17,1,1,17,0,4,10,39,12,1,11,62,32,16,7,0,0,1,8,14,0,16,21,2,3,0,0,46,2,1,0,54,7
0,3,0,0,0,0,0,0,0,0,3,0,0,0,0,0,0,1,0,1,2,0,0,0,0,0,1,0,0,1,0,3,0,0,0,0,0,0,0,0
0,26,13,10,8,5,2,0,5,2,6,0,2,0,5,7,0,0,0,30,41,4,0,0,1,10,16,1,6,0,4,25,2,4,32,0,0,1,0,0
0,0,0,3,5,0,0,0,0,0,0,0,0,0,0,5,0,0,0,0,1,0,0,0,1,2,1,0,0,1,0,0,0,0,2,0,0,0,0,0
0,0,5,35,3,0,0,4,2,0,0,0,2,6,7,1,0,0,13,8,0,4,0,0,1,5,4,0,0,4,2,1,0,0,12,0,0,1,9,0
4,6,72,85,16,15,0,0,18,0,3,0,13,8,11,3,0,2,0,111,13,33,0,0,0,51,78,0,1,1,13,6,0,0,192,5,0,0,0,0
0,1,2,10,1,0,0,0,0,0,2,0,0,0,4,0,0,1,1,5,0,0,0,0,0,0,1,0,0,0,0,0,0,0,1,0,0,0,2,4
0,8,0,1,2,0,3,1,0,0,5,0,0,0,2,4,0,0,1,7,10,0,0,0,0,0,0,0,0,0,0,13,1,2,0,0,0,0,0,0
0,5,1,7,13,2,0,2,0,2,8,2,0,0,7,23,0,3,2,5,12,1,0,0,2,0,0,2,2,1,0,4,0,0,4,0,1,1,1,3
0,16,1,11,0,1,0,0,0,0,3,0,0,0,0,1,0,0,1,10,17,1,0,0,0,4,0,0,0,0,2,13,2,1,12,1,0,0,3,0
3,79,0,22,7,0,13,2,0,0,25,0,0,2,9,18,0,0,9,60,107,1,0,0,0,3,0,0,14,2,2,100,1,12,7,0,0,0,5,1
0,0,2,8,1,2,0,3,2,0,1,0,0,1,3,4,0,1,3,7,1,1,0,0,0,6,5,0,0,2,0,1,0,1,6,0,0,0,2,0
0,3,2,0,18,2,2,1,0,0,3,3,0,0,4,42,0,2,0,13,16,4,0,0,1,2,4,0,1,1,1,3,0,1,6,0,0,0,0,3
0,3,0,16,14,1,1,1,0,0,8,0,0,1,6,15,0,1,1,5,7,0,0,0,0,2,3,0,2,2,2,0,0,0,5,1,0,0,2,2
0,0,1,2,6,1,0,0,0,0,0,0,0,1,1,3,0,0,1,0,4,2,0,0,1,0,1,0,0,1,0,0,0,0,3,1,0,1,0,0
0,0,0,1,1,0,0,0,0,0,1,0,0,0,0,1,0,0,1,1,0,0,0,0,0,0,0,0,0,0,0,2,0,0,1,0,0,0,2,0
6,244,23,55,3,1,28,0,15,0,56,0,7,5,40,10,2,1,6,197,328,9,0,0,0,29,25,2,36,2,9,271,6,23,67,2,1,3,6,6
0,0,0,5,3,0,0,0,0,0,13,0,1,0,9,1,0,5,1,13,5,0,1,0,0,0,2,0,0,5,0,0,0,0,1,0,0,0,1,8
0,0,7,16,10,2,0,1,3,1,0,0,2,3,5,4,0,1,4,12,5,1,0,0,1,4,5,0,3,1,3,0,0,0,13,0,0,0,1,0
1,1,3,48,40,0,0,7,0,2,3,1,1,0,7,74,0,1,29,3,8,0,0,0,3,1,0,1,2,7,0,1,0,0,4,0,0,1,18,0
0,2,0,1,1,0,0,0,0,0,1,0,0,0,1,0,0,0,0,1,4,0,0,0,0,0,1,0,1,1,0,2,0,0,0,0,0,0,1,0
0,5,2,112,65,3,1,7,0,3,6,3,0,7,28,96,0,3,54,6,35,3,1,0,11,0,0,2,6,9,0,5,0,1,6,0,0,2,31,0
0,3,0,12,6,1,0,2,1,1,8,1,0,2,3,13,0,2,1,6,4,1,0,0,1,2,5,0,0,0,0,3,0,0,14,1,0,0,0,3
1,30,0,3,0,1,4,0,1,0,24,0,1,1,19,3,0,13,0,41,36,0,0,0,0,1,2,0,1,7,0,42,0,5,8,0,0,0,0,15
0,2,1,0,47,2,0,3,0,2,1,3,0,0,0,67,0,0,0,2,25,1,0,0,7,1,2,2,0,0,2,3,0,0,7,0,0,0,0,0
0,0,14,19,9,5,0,0,0,0,0,0,4,3,4,4,0,1,0,27,8,8,0,0,0,15,21,0,0,1,1,0,0,0,25,0,0,0,0,2
0,9,4,11,8,0,1,3,1,0,10,1,0,1,10,22,0,6,1,31,25,3,0,0,3,4,4,0,2,10,2,10,1,0,8,0,0,0,3,9
0,0,0,43,18,1,0,5,0,1,4,1,1,2,5,29,0,2,25,1,4,1,0,0,2,0,0,1,2,6,0,2,0,0,1,0,0,0,16,0
0,2,2,99,8,0,0,7,0,0,9,0,0,2,24,4,0,5,33,8,6,3,0,0,1,0,0,0,2,3,0,3,0,2,1,0,0,0,29,2
1,1,3,42,33,4,0,4,3,1,8,0,0,6,14,39,1,4,10,19,11,3,0,0,9,3,0,1,6,6,2,5,0,0,9,0,0,2,11,2
0,1,7,28,34,3,0,7,2,0,78,4,3,7,59,49,0,50,11,117,44,6,0,0,10,16,12,1,2,29,3,0,0,0,34,0,2,3,6,44
3,0,7,8,648,32,2,39,0,54,0,49,8,9,2,1221,0,0,0,7,319,34,4,0,129,8,4,15,0,7,2,15,0,0,82,0,0,0,2,0
1,1,0,7,3,0,0,1,0,0,4,0,0,1,3,1,0,0,0,7,3,0,0,0,0,1,0,0,1,4,0,3,0,0,3,0,0,0,1,1
0,0,11,515,115,2,0,46,2,5,26,6,2,29,89,153,0,9,158,20,44,4,0,0,19,0,0,1,40,42,0,5,0,0,8,0,2,0,158,4
1,6,1,4,8,0,0,1,0,0,2,0,0,0,2,13,0,0,2,8,7,0,0,0,2,0,1,0,1,1,0,5,0,2,1,0,0,0,0,0
0,0,2,8,2,0,0,0,0,0,112,1,0,3,92,1,0,53,0,123,45,0,2,0,2,3,3,0,1,43,1,0,0,0,4,0,1,1,1,63
0,3,0,1,4,1,4,0,3,0,6,0,2,2,4,7,0,2,0,15,8,0,0,0,0,4,1,0,2,0,0,5,0,1,6,0,0,0,1,3
1,29,5,15,6,3,5,1,7,1,26,0,2,0,16,14,0,11,1,55,53,1,0,0,1,7,12,0,3,5,0,25,0,5,24,1,0,0,1,12
0,2,1,6,2,0,0,0,0,0,0,0,0,0,3,5,0,0,1,3,6,0,0,0,1,1,0,0,1,0,0,3,0,2,4,0,0,0,0,0
0,1,2,7,201,9,0,9,0,13,21,11,0,3,16,356,0,13,3,24,87,5,0,0,34,1,0,3,1,9,0,6,0,0,18,0,0,0,0,5
0,1,6,11,9,0,0,0,2,0,0,2,1,3,1,24,0,1,1,11,9,1,0,0,1,5,6,0,0,0,1,0,0,0,18,3,0,0,0,1
0,5,3,16,21,2,0,1,2,3,1,2,1,0,2,43,0,0,1,15,14,8,0,0,6,3,4,0,1,3,2,6,0,0,11,0,0,0,2,3
0,4,1,15,33,0,1,2,2,2,7,2,1,3,7,48,0,5,9,8,22,0,0,0,5,1,0,0,0,3,0,1,0,0,7,0,0,0,4,3
0,2,1,19,0,0,0,0,0,0,5,0,0,0,4,1,0,0,2,3,1,0,0,0,0,0,0,0,0,2,0,0,0,1,4,0,1,0,7,0
0,2,0,2,18,0,1,0,0,2,5,0,0,1,3,39,0,0,2,5,8,2,0,0,4,1,0,0,0,0,0,0,0,0,3,0,0,0,1,1
1,1,2,9,31,4,0,1,3,3,18,2,1,2,9,75,0,7,6,23,23,2,0,0,4,1,2,2,1,4,1,4,0,0,12,0,0,2,4,11
0,0,1,2,35,4,0,4,0,4,0,0,0,1,0,92,0,0,0,3,32,0,0,0,13,3,1,0,0,1,0,0,0,0,8,0,0,0,0,0
0,2,4,26,7,1,0,1,1,0,7,1,0,2,12,11,0,2,12,18,1,1,0,0,0,9,3,0,0,1,0,1,0,0,10,0,0,0,3,5
0,0,4,12,6,0,0,0,3,0,0,0,1,0,0,0,0,1,0,5,1,5,0,0,0,5,1,0,0,0,1,0,0,0,13,0,0,0,1,0
0,7,0,22,0,0,1,1,2,0,24,0,0,0,12,1,0,11,3,36,23,0,0,0,1,0,1,0,3,5,0,15,0,1,0,0,0,0,4,22
0,0,5,21,2,1,0,1,2,0,1,0,0,2,4,0,0,1,5,12,0,1,0,0,0,10,3,0,0,0,0,1,0,0,14,0,0,0,5,0
0,0,12,16,4,1,0,1,5,0,27,0,3,5,14,2,0,15,2,38,12,8,0,0,0,15,10,0,1,9,2,1,0,0,38,2,0,0,1,9
0,1,1,27,73,5,0,11,0,8,7,9,0,1,5,129,0,0,14,12,34,1,0,0,12,0,1,2,1,7,0,2,0,1,8,0,0,0,10,2
5,1,0,2,263,12,0,10,0,21,1,23,0,1,1,491,0,1,0,2,131,14,2,0,58,0,0,3,0,3,0,7,0,0,21,0,0,0,0,1
0,7,2,3,1,0,1,0,3,0,158,0,1,2,87,0,0,76,0,196,58,1,2,0,6,6,5,0,1,51,1,7,2,1,13,0,2,2,0,84
1,0,0,20,7,1,0,0,0,0,26,0,0,1,15,6,0,14,3,30,7,0,1,0,0,0,0,0,2,14,0,1,0,0,4,0,0,0,4,12
1,18,5,257,8,2,3,27,4,1,25,0,0,11,48,6,0,9,110,39,44,4,1,0,1,5,1,0,17,20,1,20,2,3,8,0,1,2,79,7
1,2,4,4,0,0,0,0,1,0,12,0,0,0,7,0,0,11,0,15,4,1,1,0,1,2,2,0,0,5,0,1,0,0,2,0,0,0,0,10
0,0,0,5,12,1,0,0,1,1,54,0,1,1,35,10,0,25,1,61,23,0,2,0,2,0,0,0,0,17,0,0,0,0,5,0,1,1,2,35
0,17,0,2,1,0,2,0,1,0,43,0,1,2,32,0,0,23,0,54,44,0,2,0,2,0,0,0,1,11,0,21,1,0,1,0,1,0,0,25
1,8,0,0,8,0,1,0,0,1,11,0,0,0,9,6,0,5,0,8,13,0,0,0,0,0,0,0,0,4,0,6,1,1,1,0,0,0,0,14
1,1,4,37,16,1,0,4,2,0,3,3,2,4,8,23,0,1,13,9,12,1,0,0,4,4,4,1,3,3,1,2,0,0,13,0,0,0,13,2
5,49,70,100,13,16,3,0,44,0,8,0,20,19,20,5,1,1,0,155,78,34,0,0,0,88,103,0,2,0,17,53,3,6,261,6,0,0,0,2
1,19,0,2,11,2,3,0,1,0,5,1,0,1,1,16,0,1,0,18,42,1,0,0,1,1,1,0,0,1,1,12,0,4,2,0,0,0,0,1
0,0,2,6,3,0,0,2,0,0,2,0,0,0,1,2,0,2,5,2,5,0,0,0,1,1,0,0,1,0,0,1,0,0,6,0,0,0,2,0
0,1,0,5,15,2,0,0,1,3,2,5,1,0,3,26,0,2,0,5,10,2,0,0,2,0,0,1,3,3,0,0,0,0,6,0,1,0,3,2
0,12,10,26,3,4,0,2,6,0,4,0,0,4,4,3,1,0,3,12,17,10,0,0,0,13,10,0,2,2,2,7,0,0,23,1,0,0,5,0
1,2,1,1,3,0,1,0,0,0,5,0,0,2,6,2,0,2,1,17,5,0,0,0,0,0,0,0,0,3,0,3,0,0,2,0,0,0,1,3
0,2,17,15,4,2,0,0,7,0,2,0,4,4,1,0,1,4,1,19,4,3,0,0,0,15,12,0,0,2,3,1,0,0,40,1,0,0,1,3
4,113,3,207,11,1,19,18,1,1,41,0,0,13,46,12,0,3,79,66,129,1,0,0,0,1,1,1,31,19,1,145,3,5,9,0,0,0,77,1
1,11,0,0,29,1,1,0,1,3,10,1,0,1,4,50,0,0,0,10,34,0,0,0,3,0,0,1,2,0,0,14,1,0,4,0,0,0,0,0
0,3,0,0,1,0,0,0,0,0,6,0,0,1,3,0,0,2,0,5,4,0,0,0,1,1,1,0,0,0,0,3,0,0,0,0,0,0,0,1
0,1,0,14,11,0,0,0,0,0,1,1,0,1,2,11,0,0,6,2,4,0,0,0,1,0,1,0,1,0,1,1,0,0,1,0,0,0,5,0
0,12,5,15,12,5,0,2,5,1,6,1,0,1,1,18,0,0,3,15,30,2,0,0,1,6,8,0,2,1,1,14,0,2,23,0,0,1,4,1
1,58,14,120,5,1,9,11,3,2,19,1,0,8,29,13,0,1,44,60,108,3,0,0,0,6,5,2,8,10,1,75,3,7,25,1,1,1,26,3
0,0,0,2,0,0,0,0,0,0,7,0,0,1,4,1,0,3,0,6,3,0,2,0,0,0,0,0,0,0,0,0,0,0,1,0,0,0,0,4
0,0,7,8,7,0,0,2,1,0,0,0,0,0,2,15,0,0,2,3,6,1,0,0,2,2,4,1,0,0,1,0,0,0,10,0,0,0,0,0
2,108,5,145,74,4,11,14,0,4,33,3,0,8,24,109,0,0,42,68,173,1,0,0,10,2,0,2,23,12,0,149,1,8,13,0,2,0,44,1
0,0,1,13,2,0,0,1,1,0,7,0,0,3,9,0,0,1,5,12,4,1,0,0,1,4,2,0,0,1,0,0,0,0,2,0,0,0,2,6
0,3,1,8,4,0,0,1,0,0,5,0,0,0,3,2,0,0,4,2,1,0,0,0,0,2,1,0,0,0,0,1,0,2,2,0,0,0,2,0
0,3,13,45,7,5,1,1,7,0,4,1,1,3,5,3,0,1,9,29,10,10,0,0,0,17,23,0,1,2,2,5,0,0,46,2,0,1,6,0
1,14,3,15,1,2,1,3,4,0,99,0,1,5,64,2,0,55,4,182,63,0,5,0,4,3,3,0,5,43,1,13,0,1,24,0,1,1,8,76
0,2,3,3,10,0,2,1,1,0,1,1,0,2,0,21,0,0,0,5,8,0,0,0,0,9,2,0,1,0,0,7,0,0,11,0,0,0,0,2
2,2,21,267,245,21,0,35,8,22,13,14,9,23,35,380,0,4,90,49,107,14,1,0,42,36,40,3,17,24,2,7,0,0,108,2,2,1,64,0
0,0,1,3,5,0,0,0,0,0,16,0,0,1,13,2,0,14,1,29,3,0,0,0,1,1,0,0,0,5,0,0,0,0,2,0,0,0,1,10
0,2,0,23,0,0,0,2,0,0,2,0,0,1,2,1,0,0,4,0,3,0,0,0,0,0,0,0,2,0,0,1,0,1,0,0,0,0,13,0
0,0,23,55,5,1,0,0,10,1,0,0,7,6,7,1,0,1,5,42,12,9,0,0,0,38,35,0,0,2,5,3,0,0,79,2,0,0,1,2
0,6,0,17,0,0,0,1,1,0,12,0,0,3,6,1,0,7,7,17,7,0,0,0,0,0,0,0,3,3,0,5,0,0,0,0,0,0,5,9
0,1,2,8,2,0,1,3,1,0,0,0,0,0,3,3,0,0,2,5,10,0,0,0,1,0,2,0,1,1,0,2,0,1,5,1,0,0,2,0
1,1,9,3,3,1,1,1,8,0,195,0,3,10,126,8,0,97,0,249,64,2,6,0,0,8,10,0,1,68,1,6,1,2,23,0,2,1,2,136
0,9,0,5,63,6,4,3,0,5,6,7,0,0,2,115,0,2,0,6,52,1,0,0,10,0,0,1,0,1,0,18,0,4,5,0,0,0,1,0
0,5,0,3,1,0,0,1,0,0,3,0,0,0,3,0,0,3,1,5,5,0,0,0,0,2,2,0,0,2,0,5,1,0,3,0,0,0,0,0
0,2,10,16,5,1,1,0,5,1,4,0,5,1,3,8,1,0,2,26,12,6,0,0,0,8,14,0,1,3,4,1,0,0,43,0,0,0,1,1
0,0,1,4,5,0,0,0,1,1,0,0,0,0,0,9,0,0,2,1,0,0,1,0,1,0,0,0,0,1,0,2,0,0,1,0,0,0,0,0
0,2,1,17,2,0,0,1,1,0,8,1,0,1,3,8,0,1,6,7,3,0,0,0,0,0,0,0,0,1,0,2,0,0,2,0,0,0,6,2
1,5,2,9,2,0,0,1,2,0,86,0,0,0,47,0,0,44,4,96,33,0,1,0,1,1,2,0,2,25,0,6,1,0,8,0,0,1,4,45
0,1,2,68,32,0,0,5,0,3,9,3,0,6,10,66,0,6,24,9,16,2,1,0,10,1,2,1,4,8,0,3,0,0,1,0,1,0,16,3
0,0,3,22,1,0,0,2,1,0,0,0,0,1,1,1,0,0,4,2,1,0,0,0,1,6,0,0,1,1,0,0,0,0,5,0,0,0,1,0
0,9,25,1570,86,0,2,135,2,0,97,0,2,68,233,11,0,23,521,47,8,7,0,0,1,6,4,0,97,104,0,8,0,1,18,1,2,9,406,0
0,3,0,3,6,0,0,0,0,0,2,1,0,0,5,7,0,1,1,3,9,0,0,0,0,0,1,0,0,0,0,0,0,1,0,0,0,0,0,2
1,4,5,312,23,1,0,21,0,0,26,1,1,18,47,16,0,4,88,17,4,0,1,0,2,0,0,0,24,23,0,4,0,0,4,0,1,1,85,9
0,0,0,10,1,0,0,0,0,0,1,0,0,1,1,0,0,0,2,2,0,0,0,0,0,2,0,0,1,0,1,0,1,0,1,0,0,0,4,0
16,658,0,41,6,1,92,0,4,3,208,0,0,0,88,50,0,0,0,433,934,0,0,0,1,3,0,1,81,9,0,762,15,48,28,0,0,9,0,9
1,7,1,42,1,1,2,1,1,0,14,0,0,2,9,1,0,4,12,17,17,1,0,0,0,2,3,0,0,9,1,9,0,0,4,0,0,0,11,6
0,0,2,69,5,0,0,13,0,0,7,0,0,2,17,0,0,1,29,4,1,1,0,0,0,1,1,0,6,8,0,3,0,0,2,0,0,2,19,0
0,0,8,10,3,0,0,0,2,0,0,0,2,0,0,0,0,0,0,7,1,0,0,0,1,5,6,0,1,0,1,1,0,0,8,1,0,0,1,0
6,6,1,9,371,21,0,20,0,22,4,23,0,3,3,648,0,3,6,6,179,8,0,0,66,0,0,7,2,5,0,11,0,0,41,0,1,0,2,2
0,1,0,2,4,0,0,0,0,0,4,1,0,1,2,12,0,1,0,5,4,1,0,0,2,0,1,0,0,0,0,1,0,0,3,0,0,0,0,3
0,10,0,2,1,1,1,0,0,0,62,0,1,2,47,1,0,30,1,90,36,0,0,0,1,0,0,0,1,27,0,11,0,2,0,0,0,0,0,38
0,0,3,4,6,0,0,0,0,0,4,0,0,0,5,8,0,5,1,11,4,0,0,0,0,2,6,0,0,1,0,2,0,0,6,0,0,0,0,4
0,7,0,6,0,0,1,0,2,0,33,0,0,0,22,6,0,7,2,50,18,0,0,0,0,1,0,0,1,13,0,8,0,0,2,0,1,0,5,19
0,48,1,12,7,1,3,2,1,0,86,1,0,0,68,15,0,33,1,141,91,2,1,0,1,2,2,0,4,37,0,69,0,0,7,0,1,3,1,46
2,35,0,76,4,1,3,3,1,0,25,0,0,5,18,5,0,13,12,54,65,0,1,0,1,0,0,0,12,8,0,44,0,4,3,0,0,1,19,12
2,33,0,7,0,1,4,0,3,0,20,0,0,0,7,4,0,0,1,29,43,0,0,0,0,0,0,1,7,7,0,37,1,1,2,0,0,0,1,5
0,0,1,15,6,0,0,2,0,1,1,1,3,0,7,22,0,1,2,4,8,0,0,0,2,1,5,0,1,1,0,0,0,0,11,0,0,0,5,0
1,3,6,64,2,0,0,8,4,0,4,0,2,8,6,2,1,1,19,13,3,5,0,0,0,8,12,0,5,3,1,1,0,0,26,0,0,1,27,0
0,2,2,29,4,0,3,5,0,0,3,1,0,3,8,0,0,0,14,3,8,0,0,0,0,0,1,0,3,2,0,7,0,1,4,0,0,0,11,2
0,5,1,18,3,1,0,0,2,0,13,0,3,1,7,7,0,7,2,13,5,0,1,0,0,3,1,0,0,3,1,2,0,0,11,0,0,0,0,5
0,1,0,38,4,0,0,3,0,0,16,0,0,4,10,6,0,8,12,19,8,1,0,0,0,0,0,0,1,5,0,1,0,1,0,0,0,0,16,10
0,0,1,84,10,0,0,6,0,0,3,0,0,6,28,6,0,3,28,7,1,0,1,0,0,0,0,0,10,6,0,0,0,0,0,0,0,1,25,4
0,45,0,9,21,2,8,3,1,1,35,1,2,1,16,36,0,22,0,75,75,2,0,0,0,2,5,0,2,19,0,41,1,2,7,0,0,1,3,32
0,23,2,4,1,0,4,0,3,0,4,2,0,0,3,4,0,1,1,19,25,0,0,0,1,6,4,0,1,1,1,20,0,2,9,0,0,0,1,1
0,11,1,18,8,1,2,0,2,0,92,0,0,3,68,17,0,51,4,133,52,0,6,0,6,3,3,0,1,30,1,16,0,1,12,0,0,0,4,64
2,34,2,3,40,1,7,3,1,1,6,1,0,2,7,79,0,0,2,25,55,2,0,0,6,0,1,0,6,2,0,29,0,4,6,0,0,0,0,0
1,1,1,21,1,1,0,4,1,0,9,1,0,0,5,2,0,2,9,11,11,1,1,0,0,1,4,1,6,6,1,3,0,0,2,0,0,0,7,3
0,6,6,21,7,1,0,2,5,0,2,0,1,1,4,4,0,0,4,14,10,2,0,0,0,7,11,0,3,1,1,5,0,0,19,0,1,0,1,1
0,4,0,3,7,0,0,1,1,1,1,0,0,2,2,11,0,1,3,2,9,1,0,0,1,3,1,0,2,0,0,2,0,0,1,0,0,0,1,0
0,6,0,4,2,0,2,0,0,0,3,0,0,0,5,3,0,0,0,4,11,0,0,0,0,0,1,0,0,2,0,12,0,1,2,0,0,0,1,0
0,0,0,16,1,0,0,1,0,0,0,0,0,4,4,0,0,0,13,4,0,0,0,0,0,1,0,0,1,2,0,0,0,0,0,0,0,0,7,2
0,6,0,4,0,1,1,0,0,0,2,0,0,0,3,0,0,0,1,4,14,0,0,0,0,0,0,0,1,0,0,8,0,1,0,0,0,1,0,2
1,11,3,17,16,1,0,1,1,2,3,1,1,3,2,26,0,0,6,10,10,3,0,0,4,1,1,0,3,0,1,5,0,1,7,0,1,0,10,0
0,2,25,36,16,3,1,2,11,0,12,3,3,7,11,33,0,3,3,42,14,8,0,0,1,21,20,0,1,0,1,9,0,0,66,1,0,0,3,2
0,0,0,0,4,1,0,1,0,0,0,0,0,0,2,11,0,0,0,3,1,0,0,0,1,0,1,0,0,0,0,1,0,0,4,0,0,0,0,0
1,1,87,103,26,17,0,1,39,3,4,0,19,10,22,25,1,3,4,144,18,41,0,0,2,113,122,0,1,2,18,5,0,0,265,8,0,0,2,2
0,2,3,10,6,1,1,0,0,2,0,0,1,3,3,13,0,0,1,7,10,4,0,0,2,4,2,0,0,0,1,3,0,0,5,0,0,0,4,2
0,5,20,159,18,7,0,13,6,0,7,0,7,9,22,6,1,5,33,35,5,17,0,0,0,29,37,0,5,9,6,6,0,0,87,0,1,1,32,0
0,0,2,157,5,0,1,13,1,0,11,0,1,7,34,0,0,5,58,14,3,1,0,0,0,2,4,0,9,14,0,1,0,0,7,0,0,0,53,3
0,1,0,5,4,0,0,0,1,0,1,0,0,1,1,1,0,0,1,0,4,0,0,0,1,0,0,0,0,0,0,4,0,0,1,0,0,1,0,0
0,0,3,4,3,0,0,0,2,0,103,0,0,3,75,3,0,43,1,148,36,0,2,0,0,2,1,0,0,32,0,1,0,0,5,0,1,1,6,59
0,10,10,9,70,10,0,2,0,5,8,10,2,1,5,128,0,3,0,31,47,10,0,0,13,9,8,1,1,8,3,16,0,2,32,0,0,0,0,7
0,1,0,12,30,2,0,1,0,0,10,1,0,2,11,52,0,6,2,14,21,1,1,0,5,0,1,0,1,7,0,0,0,0,7,0,0,0,2,6
0,14,0,8,0,0,1,1,0,0,3,0,0,0,2,1,0,0,0,16,16,0,0,0,0,0,0,0,3,1,0,12,0,0,0,0,0,0,1,0
0,0,1,2,2,0,0,0,0,0,6,0,1,0,5,3,0,3,1,16,7,1,0,0,0,1,5,0,0,5,0,0,0,0,7,0,0,1,0,4
1,3,1,7,23,0,0,0,0,1,0,1,2,1,1,18,0,0,0,2,10,1,0,0,3,3,4,0,0,0,1,4,0,1,14,1,0,0,0,1
0,8,0,2,0,0,0,0,1,0,29,0,0,1,18,0,0,12,0,47,31,0,2,0,0,0,0,0,2,10,0,18,1,1,1,0,0,1,0,24
0,16,0,1,2,0,2,0,0,1,4,0,0,0,6,2,0,1,0,12,11,1,0,0,0,0,0,0,1,0,0,18,0,0,1,0,0,0,0,2
0,0,2,2,0,1,0,0,2,0,0,1,0,0,1,1,0,0,0,3,1,0,0,0,0,3,2,0,0,0,0,1,0,0,7,0,0,0,1,0
0,0,5,4,6,1,0,2,1,0,2,2,1,1,2,16,0,1,1,9,4,1,0,0,0,4,5,0,1,0,1,1,0,0,13,0,0,0,0,0
0,3,2,11,11,1,0,0,1,1,2,0,0,4,2,17,0,1,4,7,8,0,0,0,1,1,3,0,1,0,1,1,0,0,14,0,0,1,2,2
1,37,8,49,6,4,2,1,6,0,32,0,2,3,25,14,1,8,14,59,45,7,0,0,2,18,18,2,2,14,5,25,1,1,50,0,0,0,14,16
0,0,0,15,5,0,0,0,0,0,1,0,0,1,2,2,0,0,7,3,1,0,0,0,0,0,0,0,1,1,0,0,0,0,0,0,0,0,3,1
4,173,0,5,8,2,22,0,1,2,47,0,0,0,31,24,0,2,3,124,199,0,0,0,0,0,0,0,22,5,0,199,6,14,5,0,0,3,1,5
0,0,0,4,20,2,0,0,0,1,8,2,0,0,6,33,0,4,0,7,10,1,0,0,7,0,0,0,1,2,0,1,0,0,6,0,1,0,5,2
0,2,1,48,4,0,0,1,0,0,9,0,1,2,18,2,0,3,11,15,3,2,0,0,0,1,1,0,4,4,1,0,0,0,6,0,0,0,10,3
0,8,7,418,36,3,1,34,2,1,25,0,3,22,59,8,2,3,138,36,20,4,0,0,0,7,8,0,32,34,0,9,0,0,16,3,0,2,103,2
0,1,5,3,9,2,0,0,2,0,2,2,2,1,1,15,0,0,0,6,1,2,0,0,6,4,6,0,0,0,1,0,0,0,10,1,0,0,0,1
0,3,0,5,53,2,0,6,0,3,1,3,0,0,2,86,0,0,0,1,25,2,0,0,11,0,0,0,0,0,0,2,0,1,7,0,0,0,1,0
0,7,2,28,4,0,3,2,0,0,2,0,1,1,6,1,0,0,10,15,14,0,0,0,0,0,3,0,2,4,1,11,2,1,4,0,0,0,7,3
3,4,1,8,359,26,0,24,1,23,0,24,1,2,2,668,0,0,3,6,172,20,3,0,72,1,1,2,0,4,0,13,0,1,43,0,0,0,2,0
0,15,2,2,7,0,1,2,1,0,5,0,1,0,1,10,0,1,0,12,32,0,0,0,2,1,0,0,1,2,0,21,0,1,2,0,0,0,0,1
0,0,0,4,2,0,0,0,0,0,0,0,2,0,2,0,0,0,3,0,0,0,0,0,1,1,0,0,0,0,0,1,0,0,1,0,0,0,1,0
0,7,1,23,128,9,3,11,2,10,2,13,4,1,5,247,0,2,3,7,72,6,0,0,23,4,0,3,3,4,0,17,1,1,16,1,0,1,3,1
1,35,6,6,5,1,3,0,1,0,17,0,0,1,13,8,0,7,0,23,47,1,0,0,1,7,4,0,4,2,1,33,2,4,16,0,0,0,0,5
2,0,0,11,14,1,0,1,0,1,6,0,0,0,2,21,0,4,3,11,8,1,0,0,2,1,0,0,1,1,0,0,0,0,3,0,0,0,2,4
0,0,59,93,11,17,0,1,30,0,3,0,16,18,20,2,5,1,1,151,14,33,0,0,0,86,78,0,3,0,17,14,0,0,251,5,0,0,5,0
0,1,0,6,2,0,0,1,0,0,1,0,0,1,1,3,0,0,1,3,4,0,0,0,1,0,0,0,0,0,0,0,0,0,0,0,0,0,1,1
0,0,3,27,10,2,0,1,1,1,1,1,0,4,8,10,0,0,9,9,6,1,1,0,5,5,4,0,1,2,0,1,0,1,9,0,0,0,14,0
0,0,0,10,1,0,0,2,0,0,3,0,0,0,1,2,0,0,7,2,0,1,0,0,0,0,0,0,1,1,0,0,0,0,0,0,0,0,2,0
1,0,31,53,2,9,0,0,11,0,50,0,9,7,46,1,1,29,1,126,19,13,2,0,2,53,54,0,0,23,2,5,0,0,119,5,0,0,2,24
0,1,0,5,1,0,0,0,0,0,0,0,0,1,5,3,0,0,2,5,1,0,0,0,0,0,0,0,0,2,0,1,0,0,0,0,0,0,0,2
0,4,0,24,2,0,0,2,0,0,7,0,0,2,9,0,0,0,9,4,7,0,0,0,0,0,0,0,4,2,0,3,0,1,0,0,0,0,9,0
0,1,26,31,22,6,0,3,16,2,26,0,3,1,28,23,0,17,0,55,15,14,1,0,4,17,22,0,0,9,5,4,0,0,67,2,0,1,0,15
0,1,0,3,0,0,0,0,0,0,4,0,0,1,0,2,0,2,0,6,4,0,0,0,0,1,0,0,0,3,0,2,0,0,0,0,0,0,4,1
0,1,6,11,4,3,0,0,5,1,0,1,0,1,2,3,0,0,1,11,2,3,0,0,0,13,12,0,1,1,3,2,0,0,29,2,0,0,0,0
