"V1","V2","V3"
0,6,6
0,6,6
0,6,6
0,6,6
0,6,6
0,6,6
0,6,6
0,6,6
0,6,6
0,6,6
0,6,6
0,6,6
0,6,6
0,6,6
0,6,6
0,6,6
0,6,6
0,6,6
0,6,6
0,6,6
0,6,6
0,6,6
0,6,6
0,6,6
0,6,6
0,6,6
0,6,6
0,6,6
0,6,6
0,6,6
0,6,6
0,6,6
0,6,6
0,6,6
0,6,6
0,6,6
0,6,6
0,6,6
0,6,6
0,6,6
0,6,6
0,6,6
0,6,6
0,6,6
0,6,6
0,6,6
0,6,6
0,6,6
0,6,6
0,6,6
0,6,6
0,6,6
0,6,6
0,6,6
0,6,6
0,6,6
0,6,6
0,6,6
0,6,6
0,6,6
0,6,6
0,6,6
0,6,6
0,6,6
0,6,6
0,6,6
0,6,6
0,6,6
0,6,6
0,6,6
0,6,6
0,6,6
0,6,6
0,6,6
0,6,6
0,6,6
0,6,6
0,6,6
0,6,6
0,6,6
0,6,6
0,6,6
0,6,6
0,6,6
0,6,6
0,6,6
0,6,6
0,6,6
0,6,6
0,6,6
0,6,6
0,6,6
0,6,6
0,6,6
0,6,6
0,6,6
0,6,6
0,6,6
0,6,6
0,6,6
0,6,6
0,6,6
0,6,6
0,6,6
0,6,6
0,6,6
0,6,6
0,6,6
0,6,6
0,6,6
0,6,6
0,6,6
0,6,6
0,6,6
0,6,6
0,6,6
0,6,6
0,6,6
0,6,6
0,6,6
0,6,6
0,6,6
0,6,6
0,6,6
0,6,6
0,6,6
0,6,6
0,6,6
0,6,6
0,6,6
0,6,6
0,6,6
0,6,6
0,6,6
0,6,6
0,6,6
0,6,6
0,6,6
0,6,6
0,6,6
0,6,6
0,6,6
0,6,6
0,6,6
0,6,6
0,6,6
0,6,6
0,6,6
0,6,6
0,6,6
0,6,6
0,6,6
0,6,6
0,6,6
0,6,6
0,6,6
0,6,6
0,6,6
0,6,6
0,6,6
0,6,6
0,6,6
0,6,6
0,6,6
0,6,6
0,6,6
0,6,6
0,6,6
0,6,6
0,6,6
0,6,6
0,6,6
0,6,6
0,6,6
0,6,6
0,6,6
0,6,6
0,6,6
0,6,6
0,6,6
0,6,6
0,6,6
0,6,6
0,6,6
0,6,6
0,6,6
0,6,6
0,6,6
0,6,6
0,6,6
0,6,6
0,6,6
0,6,6
0,6,6
0,6,6
0,6,6
0,6,6
0,6,6
0,6,6
0,6,6
0,6,6
0,6,6
0,6,6
0,6,6
0,6,6
0,6,6
0,6,6
0,6,6
0,6,6
0,6,6
0,6,6
0,6,6
0,6,6
0,6,6
0,6,6
0,6,6
0,6,6
0,6,6
0,6,6
0,6,6
0,6,6
0,6,6
0,6,6
0,6,6
0,6,6
0,6,6
0,6,6
0,6,6
0,6,6
0,6,6
0,6,6
0,6,6
0,6,6
0,6,6
0,6,6
0,6,6
0,6,6
0,6,6
0,6,6
0,6,6
0,6,6
0,6,6
0,6,6
0,6,6
0,6,6
0,6,6
0,6,6
0,6,6
0,6,6
0,6,6
0,6,6
0,6,6
0,6,6
0,6,6
0,6,6
0,6,6
0,6,6
0,6,6
0,6,6
0,6,6
0,6,6
0,6,6
0,6,6
0,6,6
0,6,6
0,6,6
0,6,6
0,6,6
0,6,6
0,6,6
0,6,6
0,6,6
0,6,6
0,6,6
0,6,6
0,6,6
0,6,6
0,6,6
0,6,6
0,6,6
0,6,6
0,6,6
0,6,6
0,6,6
0,6,6
0,6,6
0,6,6
0,6,6
0,6,6
0,6,6
0,6,6
0,6,6
0,6,6
0,6,6
0,6,6
0,6,6
0,6,6
0,6,6
0,6,6
0,6,6
0,6,6
0,6,6
0,6,6
0,6,6
0,6,6
0,6,6
0,6,6
0,6,6
0,6,6
0,6,6
0,6,6
0,6,6
0,6,6
0,6,6
0,6,6
0,6,6
0,6,6
0,6,6
0,6,6
0,6,6
0,6,6
0,6,6
0,6,6
0,6,6
0,6,6
0,6,6
0,6,6
0,6,6
0,6,6
0,6,6
0,6,6
0,6,6
0,6,6
0,6,6
0,6,6
0,6,6
0,6,6
0,6,6
0,6,6
0,6,6
0,6,6
0,6,6
0,6,6
0,6,6
0,6,6
0,6,6
0,6,6
0,6,6
0,6,6
0,6,6
0,6,6
0,6,6
0,6,6
0,6,6
0,6,6
0,6,6
0,6,6
0,6,6
0,6,6
0,6,6
0,6,6
0,6,6
0,6,6
0,6,6
0,6,6
0,6,6
0,6,6
0,6,6
0,6,6
0,6,6
0,6,6
0,6,6
0,6,6
0,6,6
0,6,6
0,6,6
0,6,6
0,6,6
0,6,6
0,6,6
0,6,6
0,6,6
0,6,6
0,6,6
0,6,6
0,6,6
0,6,6
0,6,6
0,6,6
0,6,6
0,6,6
0,6,6
0,6,6
0,6,6
0,6,6
0,6,6
0,6,6
0,6,6
0,6,6
0,6,6
0,6,6
0,6,6
0,6,6
0,6,6
0,6,6
0,6,6
0,6,6
0,6,6
0,6,6
0,6,6
0,6,6
0,6,6
0,6,6
0,6,6
0,6,6
0,6,6
0,6,6
0,6,6
0,6,6
0,6,6
0,6,6
0,6,6
0,6,6
0,6,6
0,6,6
0,6,6
0,6,6
0,6,6
0,6,6
0,6,6
0,6,6
0,6,6
0,6,6
0,6,6
0,6,6
0,6,6
0,6,6
0,6,6
0,6,6
0,6,6
0,6,6
0,6,6
0,6,6
0,6,6
0,6,6
0,6,6
0,6,6
0,6,6
0,6,6
0,6,6
0,6,6
0,6,6
0,6,6
0,6,6
0,6,6
0,6,6
0,6,6
0,6,6
0,6,6
0,6,6
0,6,6
0,6,6
0,6,6
0,6,6
0,6,6
0,6,6
0,6,6
0,6,6
0,6,6
0,6,6
0,6,6
0,6,6
0,6,6
0,6,6
0,6,6
0,6,6
0,6,6
0,6,6
0,6,6
0,6,6
0,6,6
0,6,6
0,6,6
0,6,6
0,6,6
0,6,6
0,6,6
0,6,6
0,6,6
0,6,6
0,6,6
0,6,6
0,6,6
0,6,6
0,6,6
0,6,6
0,6,6
0,6,6
0,6,6
0,6,6
0,6,6
0,6,6
0,6,6
0,6,6
0,6,6
0,6,6
0,6,6
0,6,6
0,6,6
0,6,6
0,6,6
0,6,6
0,6,6
0,6,6
0,6,6
0,6,6
0,6,6
0,6,6
0,6,6
0,6,6
0,6,6
0,6,6
0,6,6
0,6,6
0,6,6
0,6,6
0,6,6
0,6,6
0,6,6
0,6,6
0,6,6
0,6,6
0,6,6
0,6,6
0,6,6
0,6,6
0,6,6
0,6,6
0,6,6
0,6,6
0,6,6
0,6,6
0,6,6
0,6,6
0,6,6
0,6,6
0,6,6
0,6,6
0,6,6
0,6,6
0,6,6
0,6,6
0,6,6
0,6,6
0,6,6
0,6,6
0,6,6
0,6,6
0,6,6
0,6,6
0,6,6
0,6,6
0,6,6
0,6,6
0,6,6
0,6,6
0,6,6
0,6,6
0,6,6
0,6,6
0,6,6
0,6,6
0,6,6
0,6,6
0,6,6
0,6,6
0,6,6
0,6,6
0,6,6
0,6,6
0,6,6
0,6,6
0,6,6
0,6,6
0,6,6
0,6,6
0,6,6
0,6,6
0,6,6
0,6,6
0,6,6
0,6,6
0,6,6
0,6,6
0,6,6
0,6,6
0,6,6
0,6,6
0,6,6
0,6,6
0,6,6
0,6,6
0,6,6
0,6,6
0,6,6
0,6,6
0,6,6
0,6,6
0,6,6
0,6,6
0,6,6
0,6,6
0,6,6
0,6,6
0,6,6
0,6,6
0,6,6
0,6,6
0,6,6
0,6,6
0,6,6
0,6,6
0,6,6
0,6,6
0,6,6
0,6,6
0,6,6
0,6,6
0,6,6
0,6,6
0,6,6
0,6,6
0,6,6
0,6,6
0,6,6
0,6,6
0,6,6
0,6,6
0,6,6
0,6,6
0,6,6
0,6,6
0,6,6
0,6,6
0,6,6
0,6,6
0,6,6
0,6,6
0,6,6
0,6,6
0,6,6
0,6,6
0,6,6
0,6,6
0,6,6
0,6,6
0,6,6
0,6,6
0,6,6
0,6,6
0,6,6
0,6,6
0,6,6
0,6,6
0,6,6
0,6,6
0,6,6
0,6,6
0,6,6
0,6,6
0,6,6
0,6,6
0,6,6
0,6,6
0,6,6
0,6,6
0,6,6
0,6,6
0,6,6
0,6,6
0,6,6
0,6,6
0,6,6
0,6,6
0,6,6
0,6,6
0,6,6
0,6,6
0,6,6
0,6,6
0,6,6
0,6,6
0,6,6
0,6,6
0,6,6
0,6,6
0,6,6
0,6,6
0,6,6
0,6,6
0,6,6
0,6,6
0,6,6
0,6,6
0,6,6
0,6,6
0,6,6
0,6,6
0,6,6
0,6,6
0,6,6
0,6,6
0,6,6
0,6,6
0,6,6
0,6,6
0,6,6
0,6,6
0,6,6
0,6,6
0,6,6
0,6,6
0,6,6
0,6,6
0,6,6
0,6,6
0,6,6
0,6,6
0,6,6
0,6,6
0,6,6
0,6,6
0,6,6
0,6,6
0,6,6
0,6,6
0,6,6
0,6,6
0,6,6
0,6,6
0,6,6
0,6,6
0,6,6
0,6,6
0,6,6
0,6,6
0,6,6
0,6,6
0,6,6
0,6,6
0,6,6
0,6,6
0,6,6
0,6,6
0,6,6
0,6,6
0,6,6
0,6,6
0,6,6
0,6,6
0,6,6
0,6,6
0,6,6
0,6,6
0,6,6
0,6,6
0,6,6
0,6,6
0,6,6
0,6,6
0,6,6
0,6,6
0,6,6
0,6,6
0,6,6
0,6,6
0,6,6
0,6,6
0,6,6
0,6,6
0,6,6
0,6,6
0,6,6
0,6,6
0,6,6
0,6,6
0,6,6
0,6,6
0,6,6
0,6,6
0,6,6
0,6,6
0,6,6
0,6,6
0,6,6
0,6,6
0,6,6
0,6,6
0,6,6
0,6,6
0,6,6
0,6,6
0,6,6
0,6,6
0,6,6
0,6,6
0,6,6
0,6,6
0,6,6
0,6,6
0,6,6
0,6,6
0,6,6
0,6,6
0,6,6
0,6,6
0,6,6
0,6,6
0,6,6
0,6,6
0,6,6
0,6,6
0,6,6
0,6,6
0,6,6
0,6,6
0,6,6
0,6,6
0,6,6
0,6,6
0,6,6
0,6,6
0,6,6
0,6,6
0,6,6
0,6,6
0,6,6
0,6,6
0,6,6
0,6,6
0,6,6
0,6,6
0,6,6
0,6,6
0,6,6
0,6,6
0,6,6
0,6,6
0,6,6
0,6,6
0,6,6
0,6,6
0,6,6
0,6,6
0,6,6
0,6,6
0,6,6
0,6,6
0,6,6
0,6,6
0,6,6
0,6,6
0,6,6
0,6,6
0,6,6
0,6,6
0,6,6
0,6,6
0,6,6
0,6,6
0,6,6
0,6,6
0,6,6
0,6,6
0,6,6
0,6,6
0,6,6
0,6,6
0,6,6
0,6,6
0,6,6
0,6,6
0,6,6
0,6,6
0,6,6
0,6,6
0,6,6
0,6,6
0,6,6
0,6,6
0,6,6
0,6,6
0,6,6
0,6,6
0,6,6
0,6,6
0,6,6
0,6,6
0,6,6
0,6,6
0,6,6
0,6,6
0,6,6
0,6,6
0,6,6
0,6,6
0,6,6
0,6,6
0,6,6
0,6,6
0,6,6
0,6,6
0,6,6
0,6,6
0,6,6
0,6,6
0,6,6
0,6,6
0,6,6
0,6,6
0,6,6
0,6,6
0,6,6
0,6,6
0,6,6
0,6,6
0,6,6
0,6,6
0,6,6
0,6,6
0,6,6
0,6,6
0,6,6
0,6,6
0,6,6
0,6,6
0,6,6
0,6,6
0,6,6
0,6,6
0,6,6
0,6,6
0,6,6
0,6,6
0,6,6
0,6,6
0,6,6
0,6,6
0,6,6
0,6,6
0,6,6
0,6,6
0,6,6
0,6,6
0,6,6
0,6,6
0,6,6
0,6,6
0,6,6
0,6,6
0,6,6
0,6,6
0,6,6
0,6,6
0,6,6
0,6,6
0,6,6
0,6,6
0,6,6
0,6,6
0,6,6
0,6,6
0,6,6
0,6,6
0,6,6
0,6,6
0,6,6
0,6,6
0,6,6
0,6,6
0,6,6
0,6,6
0,6,6
0,6,6
0,6,6
0,6,6
0,6,6
0,6,6
0,6,6
0,6,6
0,6,6
0,6,6
0,6,6
0,6,6
0,6,6
0,6,6
0,6,6
0,6,6
0,6,6
0,6,6
6,0,6
6,0,6
6,0,6
6,0,6
6,0,6
6,0,6
6,0,6
6,0,6
6,0,6
6,0,6
6,0,6
6,0,6
6,0,6
6,0,6
6,0,6
6,0,6
6,0,6
6,0,6
6,0,6
6,0,6
6,0,6
6,0,6
6,0,6
6,0,6
6,0,6
6,0,6
6,0,6
6,0,6
6,0,6
6,0,6
6,0,6
6,0,6
6,0,6
6,0,6
6,0,6
6,0,6
6,0,6
6,0,6
6,0,6
6,0,6
6,0,6
6,0,6
6,0,6
6,0,6
6,0,6
6,0,6
6,0,6
6,0,6
6,0,6
6,0,6
6,0,6
6,0,6
6,0,6
6,0,6
6,0,6
6,0,6
6,0,6
6,0,6
6,0,6
6,0,6
6,0,6
6,0,6
6,0,6
6,0,6
6,0,6
6,0,6
6,0,6
6,0,6
6,0,6
6,0,6
6,0,6
6,0,6
6,0,6
6,0,6
6,0,6
6,0,6
6,0,6
6,0,6
6,0,6
6,0,6
6,0,6
6,0,6
6,0,6
6,0,6
6,0,6
6,0,6
6,0,6
6,0,6
6,0,6
6,0,6
6,0,6
6,0,6
6,0,6
6,0,6
6,0,6
6,0,6
6,0,6
6,0,6
6,0,6
6,0,6
6,0,6
6,0,6
6,0,6
6,0,6
6,0,6
6,0,6
6,0,6
6,0,6
6,0,6
6,0,6
6,0,6
6,0,6
6,0,6
6,0,6
6,0,6
6,0,6
6,0,6
6,0,6
6,0,6
6,0,6
6,0,6
6,0,6
6,0,6
6,0,6
6,0,6
6,0,6
6,0,6
6,0,6
6,0,6
6,0,6
6,0,6
6,0,6
6,0,6
6,0,6
6,0,6
6,0,6
6,0,6
6,0,6
6,0,6
6,0,6
6,0,6
6,0,6
6,0,6
6,0,6
6,0,6
6,0,6
6,0,6
6,0,6
6,0,6
6,0,6
6,0,6
6,0,6
6,0,6
6,0,6
6,0,6
6,0,6
6,0,6
6,0,6
6,0,6
6,0,6
6,0,6
6,0,6
6,0,6
6,0,6
6,0,6
6,0,6
6,0,6
6,0,6
6,0,6
6,0,6
6,0,6
6,0,6
6,0,6
6,0,6
6,0,6
6,0,6
6,0,6
6,0,6
6,0,6
6,0,6
6,0,6
6,0,6
6,0,6
6,0,6
6,0,6
6,0,6
6,0,6
6,0,6
6,0,6
6,0,6
6,0,6
6,0,6
6,0,6
6,0,6
6,0,6
6,0,6
6,0,6
6,0,6
6,0,6
6,0,6
6,0,6
6,0,6
6,0,6
6,0,6
6,0,6
6,0,6
6,0,6
6,0,6
6,0,6
6,0,6
6,0,6
6,0,6
6,0,6
6,0,6
6,0,6
6,0,6
6,0,6
6,0,6
6,0,6
6,0,6
6,0,6
6,0,6
6,0,6
6,0,6
6,0,6
6,0,6
6,0,6
6,0,6
6,0,6
6,0,6
6,0,6
6,0,6
6,0,6
6,0,6
6,0,6
6,0,6
6,0,6
6,0,6
6,0,6
6,0,6
6,0,6
6,0,6
6,0,6
6,0,6
6,0,6
6,0,6
6,0,6
6,0,6
6,0,6
6,0,6
6,0,6
6,0,6
6,0,6
6,0,6
6,0,6
6,0,6
6,0,6
6,0,6
6,0,6
6,0,6
6,0,6
6,0,6
6,0,6
6,0,6
6,0,6
6,0,6
6,0,6
6,0,6
6,0,6
6,0,6
6,0,6
6,0,6
6,0,6
6,0,6
6,0,6
6,0,6
6,0,6
6,0,6
6,0,6
6,0,6
6,0,6
6,0,6
6,0,6
6,0,6
6,0,6
6,0,6
6,0,6
6,0,6
6,0,6
6,0,6
6,0,6
6,0,6
6,0,6
6,0,6
6,0,6
6,0,6
6,0,6
6,0,6
6,0,6
6,0,6
6,0,6
6,0,6
6,0,6
6,0,6
6,0,6
6,0,6
6,0,6
6,0,6
6,0,6
6,0,6
6,0,6
6,0,6
6,0,6
6,0,6
6,0,6
6,0,6
6,0,6
6,0,6
6,0,6
6,0,6
6,0,6
6,0,6
6,0,6
6,0,6
6,0,6
6,0,6
6,0,6
6,0,6
6,0,6
6,0,6
6,0,6
6,0,6
6,0,6
6,0,6
6,0,6
6,0,6
6,0,6
6,0,6
6,0,6
6,0,6
6,0,6
6,0,6
6,0,6
6,0,6
6,0,6
6,0,6
6,0,6
6,0,6
6,0,6
6,0,6
6,0,6
6,0,6
6,0,6
6,0,6
6,0,6
6,0,6
6,0,6
6,0,6
6,0,6
6,0,6
6,0,6
6,0,6
6,0,6
6,0,6
6,0,6
6,0,6
6,0,6
6,0,6
6,0,6
6,0,6
6,0,6
6,0,6
6,0,6
6,0,6
6,0,6
6,0,6
6,0,6
6,0,6
6,0,6
6,0,6
6,0,6
6,0,6
6,0,6
6,0,6
6,0,6
6,0,6
6,0,6
6,0,6
6,0,6
6,0,6
6,0,6
6,0,6
6,0,6
6,0,6
6,0,6
6,0,6
6,0,6
6,0,6
6,0,6
6,0,6
6,0,6
6,0,6
6,0,6
6,0,6
6,0,6
6,0,6
6,0,6
6,0,6
6,0,6
6,0,6
6,0,6
6,0,6
6,0,6
6,0,6
6,0,6
6,0,6
6,0,6
6,0,6
6,0,6
6,0,6
6,0,6
6,0,6
6,0,6
6,0,6
6,0,6
6,0,6
6,0,6
6,0,6
6,0,6
6,0,6
6,0,6
6,0,6
6,0,6
6,0,6
6,0,6
6,0,6
6,0,6
6,0,6
6,0,6
6,0,6
6,0,6
6,0,6
6,0,6
6,0,6
6,0,6
6,0,6
6,0,6
6,0,6
6,0,6
6,0,6
6,0,6
6,0,6
6,0,6
6,0,6
6,0,6
6,0,6
6,0,6
6,0,6
6,0,6
6,0,6
6,0,6
6,0,6
6,0,6
6,0,6
6,0,6
6,0,6
6,0,6
6,0,6
6,0,6
6,0,6
6,0,6
6,0,6
6,0,6
6,0,6
6,0,6
6,0,6
6,0,6
6,0,6
6,0,6
6,0,6
6,0,6
6,0,6
6,0,6
6,0,6
6,0,6
6,0,6
6,0,6
6,0,6
6,0,6
6,0,6
6,0,6
6,0,6
6,0,6
6,0,6
6,0,6
6,0,6
6,0,6
6,0,6
6,0,6
6,0,6
6,0,6
6,0,6
6,0,6
6,0,6
6,0,6
6,0,6
6,0,6
6,0,6
6,0,6
6,0,6
6,0,6
6,0,6
6,0,6
6,0,6
6,0,6
6,0,6
6,0,6
6,0,6
6,0,6
6,0,6
6,0,6
6,0,6
6,0,6
6,0,6
6,0,6
6,0,6
6,0,6
6,0,6
6,0,6
6,0,6
6,0,6
6,0,6
6,0,6
6,0,6
6,0,6
6,0,6
6,0,6
6,0,6
6,0,6
6,0,6
6,0,6
6,0,6
6,0,6
6,0,6
6,0,6
6,0,6
6,0,6
6,0,6
6,0,6
6,0,6
6,0,6
6,0,6
6,0,6
6,0,6
6,0,6
6,0,6
6,0,6
6,0,6
6,0,6
6,0,6
6,0,6
6,0,6
6,0,6
6,0,6
6,0,6
6,0,6
6,0,6
6,0,6
6,0,6
6,0,6
6,0,6
6,0,6
6,0,6
6,0,6
6,0,6
6,0,6
6,0,6
6,0,6
6,0,6
6,0,6
6,0,6
6,0,6
6,0,6
6,0,6
6,0,6
6,0,6
6,0,6
6,0,6
6,0,6
6,0,6
6,0,6
6,0,6
6,0,6
6,0,6
6,0,6
6,0,6
6,0,6
6,0,6
6,0,6
6,0,6
6,0,6
6,0,6
6,0,6
6,0,6
6,0,6
6,0,6
6,0,6
6,0,6
6,0,6
6,0,6
6,0,6
6,0,6
6,0,6
6,0,6
6,0,6
6,0,6
6,0,6
6,0,6
6,0,6
6,0,6
6,0,6
6,0,6
6,0,6
6,0,6
6,0,6
6,0,6
6,0,6
6,0,6
6,0,6
6,0,6
6,0,6
6,0,6
6,0,6
6,0,6
6,0,6
6,0,6
6,0,6
6,0,6
6,0,6
6,0,6
6,0,6
6,0,6
6,0,6
6,0,6
6,0,6
6,0,6
6,0,6
6,0,6
6,0,6
6,0,6
6,0,6
6,0,6
6,0,6
6,0,6
6,0,6
6,0,6
6,0,6
6,0,6
6,0,6
6,0,6
6,0,6
6,0,6
6,0,6
6,0,6
6,0,6
6,0,6
6,0,6
6,0,6
6,0,6
6,0,6
6,0,6
6,0,6
6,0,6
6,0,6
6,0,6
6,0,6
6,0,6
6,0,6
6,0,6
6,0,6
6,0,6
6,0,6
6,0,6
6,0,6
6,0,6
6,0,6
6,0,6
6,0,6
6,0,6
6,0,6
6,0,6
6,0,6
6,0,6
6,0,6
6,0,6
6,0,6
6,0,6
6,0,6
6,0,6
6,0,6
6,0,6
6,0,6
6,0,6
6,0,6
6,0,6
6,0,6
6,0,6
6,0,6
6,0,6
6,0,6
6,0,6
6,0,6
6,0,6
6,0,6
6,0,6
6,0,6
6,0,6
6,0,6
6,0,6
6,0,6
6,0,6
6,0,6
6,0,6
6,0,6
6,0,6
6,0,6
6,0,6
6,0,6
6,0,6
6,0,6
6,0,6
6,0,6
6,0,6
6,0,6
6,0,6
6,0,6
6,0,6
6,0,6
6,0,6
6,0,6
6,0,6
6,0,6
6,0,6
6,0,6
6,0,6
6,0,6
6,0,6
6,0,6
6,0,6
6,0,6
6,0,6
6,0,6
6,0,6
6,0,6
6,0,6
6,0,6
6,0,6
6,0,6
6,0,6
6,0,6
6,0,6
6,0,6
6,0,6
6,0,6
6,0,6
6,0,6
6,0,6
6,0,6
6,0,6
6,0,6
6,0,6
6,0,6
6,0,6
6,0,6
6,0,6
6,0,6
6,0,6
6,0,6
6,0,6
6,0,6
6,0,6
6,0,6
6,0,6
6,0,6
6,0,6
6,0,6
6,0,6
6,0,6
6,0,6
6,0,6
6,0,6
6,0,6
6,0,6
6,0,6
6,0,6
6,0,6
6,0,6
6,0,6
6,0,6
6,0,6
6,0,6
6,0,6
6,0,6
6,0,6
6,0,6
6,0,6
6,0,6
6,0,6
6,0,6
6,0,6
6,0,6
6,0,6
6,0,6
6,0,6
6,0,6
6,0,6
6,0,6
6,0,6
6,0,6
6,0,6
6,0,6
6,0,6
6,0,6
6,0,6
6,0,6
6,0,6
6,0,6
6,0,6
6,0,6
6,0,6
6,0,6
6,0,6
6,0,6
6,0,6
6,0,6
6,0,6
6,0,6
6,0,6
6,0,6
6,0,6
6,0,6
6,0,6
6,0,6
6,0,6
6,0,6
6,0,6
6,0,6
6,0,6
6,0,6
6,0,6
6,0,6
6,0,6
6,0,6
6,0,6
6,0,6
6,0,6
6,0,6
6,0,6
6,0,6
6,0,6
6,0,6
6,0,6
6,0,6
6,0,6
6,0,6
6,0,6
6,0,6
6,0,6
6,0,6
6,0,6
6,0,6
6,0,6
6,0,6
6,0,6
6,0,6
6,0,6
6,0,6
6,0,6
6,0,6
6,0,6
6,0,6
6,0,6
6,0,6
6,0,6
6,0,6
6,0,6
6,0,6
6,0,6
6,0,6
6,0,6
6,0,6
6,0,6
6,0,6
6,0,6
6,0,6
6,0,6
6,0,6
6,0,6
6,0,6
6,0,6
6,0,6
6,0,6
6,0,6
6,0,6
6,0,6
6,0,6
6,0,6
6,0,6
6,0,6
6,0,6
6,0,6
6,0,6
6,0,6
6,0,6
6,0,6
6,0,6
6,0,6
6,0,6
6,0,6
6,0,6
6,0,6
6,0,6
6,0,6
6,0,6
6,0,6
6,0,6
6,0,6
6,0,6
6,0,6
6,0,6
6,0,6
6,0,6
6,0,6
6,0,6
6,0,6
6,0,6
6,0,6
6,0,6
6,0,6
6,0,6
6,0,6
6,0,6
6,0,6
6,0,6
6,0,6
6,0,6
6,0,6
6,0,6
6,0,6
6,0,6
6,0,6
6,0,6
6,0,6
6,0,6
6,0,6
6,0,6
6,0,6
6,0,6
6,0,6
6,0,6
6,0,6
6,0,6
6,0,6
6,0,6
6,0,6
6,0,6
6,0,6
6,0,6
6,0,6
6,0,6
6,0,6
6,0,6
6,0,6
6,0,6
6,0,6
6,0,6
6,0,6
6,0,6
6,0,6
6,0,6
6,0,6
6,0,6
6,0,6
6,0,6
6,0,6
6,0,6
6,0,6
6,0,6
6,0,6
6,0,6
6,0,6
6,0,6
6,0,6
6,0,6
6,0,6
6,0,6
6,0,6
6,0,6
6,0,6
6,0,6
6,6,0
6,6,0
6,6,0
6,6,0
6,6,0
6,6,0
6,6,0
6,6,0
6,6,0
6,6,0
6,6,0
6,6,0
6,6,0
6,6,0
6,6,0
6,6,0
6,6,0
6,6,0
6,6,0
6,6,0
6,6,0
6,6,0
6,6,0
6,6,0
6,6,0
6,6,0
6,6,0
6,6,0
6,6,0
6,6,0
6,6,0
6,6,0
6,6,0
6,6,0
6,6,0
6,6,0
6,6,0
6,6,0
6,6,0
6,6,0
6,6,0
6,6,0
6,6,0
6,6,0
6,6,0
6,6,0
6,6,0
6,6,0
6,6,0
6,6,0
6,6,0
6,6,0
6,6,0
6,6,0
6,6,0
6,6,0
6,6,0
6,6,0
6,6,0
6,6,0
6,6,0
6,6,0
6,6,0
6,6,0
6,6,0
6,6,0
6,6,0
6,6,0
6,6,0
6,6,0
6,6,0
6,6,0
6,6,0
6,6,0
6,6,0
6,6,0
6,6,0
6,6,0
6,6,0
6,6,0
6,6,0
6,6,0
6,6,0
6,6,0
6,6,0
6,6,0
6,6,0
6,6,0
6,6,0
6,6,0
6,6,0
6,6,0
6,6,0
6,6,0
6,6,0
6,6,0
6,6,0
6,6,0
6,6,0
6,6,0
6,6,0
6,6,0
6,6,0
6,6,0
6,6,0
6,6,0
6,6,0
6,6,0
6,6,0
6,6,0
6,6,0
6,6,0
6,6,0
6,6,0
6,6,0
6,6,0
6,6,0
6,6,0
6,6,0
6,6,0
6,6,0
6,6,0
6,6,0
6,6,0
6,6,0
6,6,0
6,6,0
6,6,0
6,6,0
6,6,0
6,6,0
6,6,0
6,6,0
6,6,0
6,6,0
6,6,0
6,6,0
6,6,0
6,6,0
6,6,0
6,6,0
6,6,0
6,6,0
6,6,0
6,6,0
6,6,0
6,6,0
6,6,0
6,6,0
6,6,0
6,6,0
6,6,0
6,6,0
6,6,0
6,6,0
6,6,0
6,6,0
6,6,0
6,6,0
6,6,0
6,6,0
6,6,0
6,6,0
6,6,0
6,6,0
6,6,0
6,6,0
6,6,0
6,6,0
6,6,0
6,6,0
6,6,0
6,6,0
6,6,0
6,6,0
6,6,0
6,6,0
6,6,0
6,6,0
6,6,0
6,6,0
6,6,0
6,6,0
6,6,0
6,6,0
6,6,0
6,6,0
6,6,0
6,6,0
6,6,0
6,6,0
6,6,0
6,6,0
6,6,0
6,6,0
6,6,0
6,6,0
6,6,0
6,6,0
6,6,0
6,6,0
6,6,0
6,6,0
6,6,0
6,6,0
6,6,0
6,6,0
6,6,0
6,6,0
6,6,0
6,6,0
6,6,0
6,6,0
6,6,0
6,6,0
6,6,0
6,6,0
6,6,0
6,6,0
6,6,0
6,6,0
6,6,0
6,6,0
6,6,0
6,6,0
6,6,0
6,6,0
6,6,0
6,6,0
6,6,0
6,6,0
6,6,0
6,6,0
6,6,0
6,6,0
6,6,0
6,6,0
6,6,0
6,6,0
6,6,0
6,6,0
6,6,0
6,6,0
6,6,0
6,6,0
6,6,0
6,6,0
6,6,0
6,6,0
6,6,0
6,6,0
6,6,0
6,6,0
6,6,0
6,6,0
6,6,0
6,6,0
6,6,0
6,6,0
6,6,0
6,6,0
6,6,0
6,6,0
6,6,0
6,6,0
6,6,0
6,6,0
6,6,0
6,6,0
6,6,0
6,6,0
6,6,0
6,6,0
6,6,0
6,6,0
6,6,0
6,6,0
6,6,0
6,6,0
6,6,0
6,6,0
6,6,0
6,6,0
6,6,0
6,6,0
6,6,0
6,6,0
6,6,0
6,6,0
6,6,0
6,6,0
6,6,0
6,6,0
6,6,0
6,6,0
6,6,0
6,6,0
6,6,0
6,6,0
6,6,0
6,6,0
6,6,0
6,6,0
6,6,0
6,6,0
6,6,0
6,6,0
6,6,0
6,6,0
6,6,0
6,6,0
6,6,0
6,6,0
6,6,0
6,6,0
6,6,0
6,6,0
6,6,0
6,6,0
6,6,0
6,6,0
6,6,0
6,6,0
6,6,0
6,6,0
6,6,0
6,6,0
6,6,0
6,6,0
6,6,0
6,6,0
6,6,0
6,6,0
6,6,0
6,6,0
6,6,0
6,6,0
6,6,0
6,6,0
6,6,0
6,6,0
6,6,0
6,6,0
6,6,0
6,6,0
6,6,0
6,6,0
6,6,0
6,6,0
6,6,0
6,6,0
6,6,0
6,6,0
6,6,0
6,6,0
6,6,0
6,6,0
6,6,0
6,6,0
6,6,0
6,6,0
6,6,0
6,6,0
6,6,0
6,6,0
6,6,0
6,6,0
6,6,0
6,6,0
6,6,0
6,6,0
6,6,0
6,6,0
6,6,0
6,6,0
6,6,0
6,6,0
6,6,0
6,6,0
6,6,0
6,6,0
6,6,0
6,6,0
6,6,0
6,6,0
6,6,0
6,6,0
6,6,0
6,6,0
6,6,0
6,6,0
6,6,0
6,6,0
6,6,0
6,6,0
6,6,0
6,6,0
6,6,0
6,6,0
6,6,0
6,6,0
6,6,0
6,6,0
6,6,0
6,6,0
6,6,0
6,6,0
6,6,0
6,6,0
6,6,0
6,6,0
6,6,0
6,6,0
6,6,0
6,6,0
6,6,0
6,6,0
6,6,0
6,6,0
6,6,0
6,6,0
6,6,0
6,6,0
6,6,0
6,6,0
6,6,0
6,6,0
6,6,0
6,6,0
6,6,0
6,6,0
6,6,0
6,6,0
6,6,0
6,6,0
6,6,0
6,6,0
6,6,0
6,6,0
6,6,0
6,6,0
6,6,0
6,6,0
6,6,0
6,6,0
6,6,0
6,6,0
6,6,0
6,6,0
6,6,0
6,6,0
6,6,0
6,6,0
6,6,0
6,6,0
6,6,0
6,6,0
6,6,0
6,6,0
6,6,0
6,6,0
6,6,0
6,6,0
6,6,0
6,6,0
6,6,0
6,6,0
6,6,0
6,6,0
6,6,0
6,6,0
6,6,0
6,6,0
6,6,0
6,6,0
6,6,0
6,6,0
6,6,0
6,6,0
6,6,0
6,6,0
6,6,0
6,6,0
6,6,0
6,6,0
6,6,0
6,6,0
6,6,0
6,6,0
6,6,0
6,6,0
6,6,0
6,6,0
6,6,0
6,6,0
6,6,0
6,6,0
6,6,0
6,6,0
6,6,0
6,6,0
6,6,0
6,6,0
6,6,0
6,6,0
6,6,0
6,6,0
6,6,0
6,6,0
6,6,0
6,6,0
6,6,0
6,6,0
6,6,0
6,6,0
6,6,0
6,6,0
6,6,0
6,6,0
6,6,0
6,6,0
6,6,0
6,6,0
6,6,0
6,6,0
6,6,0
6,6,0
6,6,0
6,6,0
6,6,0
6,6,0
6,6,0
6,6,0
6,6,0
6,6,0
6,6,0
6,6,0
6,6,0
6,6,0
6,6,0
6,6,0
6,6,0
6,6,0
6,6,0
6,6,0
6,6,0
6,6,0
6,6,0
6,6,0
6,6,0
6,6,0
6,6,0
6,6,0
6,6,0
6,6,0
6,6,0
6,6,0
6,6,0
6,6,0
6,6,0
6,6,0
6,6,0
6,6,0
6,6,0
6,6,0
6,6,0
6,6,0
6,6,0
6,6,0
6,6,0
6,6,0
6,6,0
6,6,0
6,6,0
6,6,0
6,6,0
6,6,0
6,6,0
6,6,0
6,6,0
6,6,0
6,6,0
6,6,0
6,6,0
6,6,0
6,6,0
6,6,0
6,6,0
6,6,0
6,6,0
6,6,0
6,6,0
6,6,0
6,6,0
6,6,0
6,6,0
6,6,0
6,6,0
6,6,0
6,6,0
6,6,0
6,6,0
6,6,0
6,6,0
6,6,0
6,6,0
6,6,0
6,6,0
6,6,0
6,6,0
6,6,0
6,6,0
6,6,0
6,6,0
6,6,0
6,6,0
6,6,0
6,6,0
6,6,0
6,6,0
6,6,0
6,6,0
6,6,0
6,6,0
6,6,0
6,6,0
6,6,0
6,6,0
6,6,0
6,6,0
6,6,0
6,6,0
6,6,0
6,6,0
6,6,0
6,6,0
6,6,0
6,6,0
6,6,0
6,6,0
6,6,0
6,6,0
6,6,0
6,6,0
6,6,0
6,6,0
6,6,0
6,6,0
6,6,0
6,6,0
6,6,0
6,6,0
6,6,0
6,6,0
6,6,0
6,6,0
6,6,0
6,6,0
6,6,0
6,6,0
6,6,0
6,6,0
6,6,0
6,6,0
6,6,0
6,6,0
6,6,0
6,6,0
6,6,0
6,6,0
6,6,0
6,6,0
6,6,0
6,6,0
6,6,0
6,6,0
6,6,0
6,6,0
6,6,0
6,6,0
6,6,0
6,6,0
6,6,0
6,6,0
6,6,0
6,6,0
6,6,0
6,6,0
6,6,0
6,6,0
6,6,0
6,6,0
6,6,0
6,6,0
6,6,0
6,6,0
6,6,0
6,6,0
6,6,0
6,6,0
6,6,0
6,6,0
6,6,0
6,6,0
6,6,0
6,6,0
6,6,0
6,6,0
6,6,0
6,6,0
6,6,0
6,6,0
6,6,0
6,6,0
6,6,0
6,6,0
6,6,0
6,6,0
6,6,0
6,6,0
6,6,0
6,6,0
6,6,0
6,6,0
6,6,0
6,6,0
6,6,0
6,6,0
6,6,0
6,6,0
6,6,0
6,6,0
6,6,0
6,6,0
6,6,0
6,6,0
6,6,0
6,6,0
6,6,0
6,6,0
6,6,0
6,6,0
6,6,0
6,6,0
6,6,0
6,6,0
6,6,0
6,6,0
6,6,0
6,6,0
6,6,0
6,6,0
6,6,0
6,6,0
6,6,0
6,6,0
6,6,0
6,6,0
6,6,0
6,6,0
6,6,0
6,6,0
6,6,0
6,6,0
6,6,0
6,6,0
6,6,0
6,6,0
6,6,0
6,6,0
6,6,0
6,6,0
6,6,0
6,6,0
6,6,0
6,6,0
6,6,0
6,6,0
6,6,0
6,6,0
6,6,0
6,6,0
6,6,0
6,6,0
6,6,0
6,6,0
6,6,0
6,6,0
6,6,0
6,6,0
6,6,0
6,6,0
6,6,0
6,6,0
6,6,0
6,6,0
6,6,0
6,6,0
6,6,0
6,6,0
6,6,0
6,6,0
6,6,0
6,6,0
6,6,0
6,6,0
6,6,0
6,6,0
6,6,0
6,6,0
6,6,0
6,6,0
6,6,0
6,6,0
6,6,0
6,6,0
6,6,0
6,6,0
6,6,0
6,6,0
6,6,0
6,6,0
6,6,0
6,6,0
6,6,0
6,6,0
6,6,0
6,6,0
6,6,0
6,6,0
6,6,0
6,6,0
6,6,0
6,6,0
6,6,0
6,6,0
6,6,0
6,6,0
6,6,0
6,6,0
6,6,0
6,6,0
6,6,0
6,6,0
6,6,0
6,6,0
6,6,0
6,6,0
6,6,0
6,6,0
6,6,0
6,6,0
6,6,0
6,6,0
6,6,0
6,6,0
6,6,0
6,6,0
6,6,0
6,6,0
6,6,0
6,6,0
6,6,0
6,6,0
6,6,0
6,6,0
6,6,0
6,6,0
6,6,0
6,6,0
6,6,0
6,6,0
6,6,0
6,6,0
6,6,0
6,6,0
6,6,0
6,6,0
6,6,0
6,6,0
6,6,0
6,6,0
6,6,0
6,6,0
6,6,0
6,6,0
6,6,0
6,6,0
6,6,0
6,6,0
6,6,0
6,6,0
6,6,0
6,6,0
6,6,0
6,6,0
6,6,0
6,6,0
6,6,0
6,6,0
6,6,0
6,6,0
6,6,0
6,6,0
6,6,0
6,6,0
6,6,0
6,6,0
6,6,0
6,6,0
6,6,0
6,6,0
6,6,0
6,6,0
6,6,0
6,6,0
6,6,0
6,6,0
6,6,0
6,6,0
6,6,0
6,6,0
6,6,0
6,6,0
6,6,0
6,6,0
6,6,0
6,6,0
6,6,0
6,6,0
6,6,0
6,6,0
6,6,0
6,6,0
6,6,0
6,6,0
6,6,0
6,6,0
6,6,0
6,6,0
6,6,0
6,6,0
6,6,0
6,6,0
6,6,0
6,6,0
6,6,0
6,6,0
6,6,0
6,6,0
6,6,0
6,6,0
6,6,0
6,6,0
6,6,0
6,6,0
6,6,0
6,6,0
6,6,0
6,6,0
6,6,0
6,6,0
6,6,0
6,6,0
6,6,0
6,6,0
6,6,0
6,6,0
6,6,0
6,6,0
6,6,0
6,6,0
6,6,0
6,6,0
6,6,0
6,6,0
6,6,0
6,6,0
6,6,0
6,6,0
6,6,0
6,6,0
6,6,0
6,6,0
6,6,0
6,6,0
6,6,0
6,6,0
6,6,0
6,6,0
6,6,0
6,6,0
6,6,0
6,6,0
6,6,0
6,6,0
6,6,0
6,6,0
6,6,0
6,6,0
6,6,6
6,6,6
6,6,6
6,6,6
6,6,6
6,6,6
6,6,6
6,6,6
6,6,6
6,6,6
6,6,6
6,6,6
6,6,6
6,6,6
6,6,6
6,6,6
6,6,6
6,6,6
6,6,6
6,6,6
6,6,6
6,6,6
6,6,6
6,6,6
6,6,6
6,6,6
6,6,6
6,6,6
6,6,6
6,6,6
6,6,6
6,6,6
6,6,6
6,6,6
6,6,6
6,6,6
6,6,6
6,6,6
6,6,6
6,6,6
6,6,6
6,6,6
6,6,6
6,6,6
6,6,6
6,6,6
6,6,6
6,6,6
6,6,6
6,6,6
6,6,6
6,6,6
6,6,6
6,6,6
6,6,6
6,6,6
6,6,6
6,6,6
6,6,6
6,6,6
6,6,6
6,6,6
6,6,6
6,6,6
6,6,6
6,6,6
6,6,6
6,6,6
6,6,6
6,6,6
6,6,6
6,6,6
6,6,6
6,6,6
6,6,6
6,6,6
6,6,6
6,6,6
6,6,6
6,6,6
6,6,6
6,6,6
6,6,6
6,6,6
6,6,6
6,6,6
6,6,6
6,6,6
6,6,6
6,6,6
6,6,6
6,6,6
6,6,6
6,6,6
6,6,6
6,6,6
6,6,6
6,6,6
6,6,6
6,6,6
6,6,6
6,6,6
6,6,6
6,6,6
6,6,6
6,6,6
6,6,6
6,6,6
6,6,6
6,6,6
6,6,6
6,6,6
6,6,6
6,6,6
6,6,6
6,6,6
6,6,6
6,6,6
6,6,6
6,6,6
6,6,6
6,6,6
6,6,6
6,6,6
6,6,6
6,6,6
6,6,6
6,6,6
6,6,6
6,6,6
6,6,6
6,6,6
6,6,6
6,6,6
6,6,6
6,6,6
6,6,6
6,6,6
6,6,6
6,6,6
6,6,6
6,6,6
6,6,6
6,6,6
6,6,6
6,6,6
6,6,6
6,6,6
6,6,6
6,6,6
6,6,6
6,6,6
6,6,6
6,6,6
6,6,6
6,6,6
6,6,6
6,6,6
6,6,6
6,6,6
6,6,6
6,6,6
6,6,6
6,6,6
6,6,6
6,6,6
6,6,6
6,6,6
6,6,6
6,6,6
6,6,6
6,6,6
6,6,6
6,6,6
6,6,6
6,6,6
6,6,6
6,6,6
6,6,6
6,6,6
6,6,6
6,6,6
6,6,6
6,6,6
6,6,6
6,6,6
6,6,6
6,6,6
6,6,6
6,6,6
6,6,6
6,6,6
6,6,6
6,6,6
6,6,6
6,6,6
6,6,6
6,6,6
6,6,6
6,6,6
6,6,6
6,6,6
6,6,6
6,6,6
6,6,6
6,6,6
6,6,6
6,6,6
6,6,6
6,6,6
6,6,6
6,6,6
6,6,6
6,6,6
6,6,6
6,6,6
6,6,6
6,6,6
6,6,6
6,6,6
6,6,6
6,6,6
6,6,6
6,6,6
6,6,6
6,6,6
6,6,6
6,6,6
6,6,6
6,6,6
6,6,6
6,6,6
6,6,6
6,6,6
6,6,6
6,6,6
6,6,6
6,6,6
6,6,6
6,6,6
6,6,6
6,6,6
6,6,6
6,6,6
6,6,6
6,6,6
6,6,6
6,6,6
6,6,6
6,6,6
6,6,6
6,6,6
6,6,6
6,6,6
6,6,6
6,6,6
6,6,6
6,6,6
6,6,6
6,6,6
6,6,6
6,6,6
6,6,6
6,6,6
6,6,6
6,6,6
6,6,6
6,6,6
6,6,6
6,6,6
6,6,6
6,6,6
6,6,6
6,6,6
6,6,6
6,6,6
6,6,6
6,6,6
6,6,6
6,6,6
6,6,6
6,6,6
6,6,6
6,6,6
6,6,6
6,6,6
6,6,6
6,6,6
6,6,6
6,6,6
6,6,6
6,6,6
6,6,6
6,6,6
6,6,6
6,6,6
6,6,6
6,6,6
6,6,6
6,6,6
6,6,6
6,6,6
6,6,6
6,6,6
6,6,6
6,6,6
6,6,6
6,6,6
6,6,6
6,6,6
6,6,6
6,6,6
6,6,6
6,6,6
6,6,6
6,6,6
6,6,6
6,6,6
6,6,6
6,6,6
6,6,6
6,6,6
6,6,6
6,6,6
6,6,6
6,6,6
6,6,6
6,6,6
6,6,6
6,6,6
6,6,6
6,6,6
6,6,6
6,6,6
6,6,6
6,6,6
6,6,6
6,6,6
6,6,6
6,6,6
6,6,6
6,6,6
6,6,6
6,6,6
6,6,6
6,6,6
6,6,6
6,6,6
6,6,6
6,6,6
6,6,6
6,6,6
6,6,6
6,6,6
6,6,6
6,6,6
6,6,6
6,6,6
6,6,6
6,6,6
6,6,6
6,6,6
6,6,6
6,6,6
6,6,6
6,6,6
6,6,6
6,6,6
6,6,6
6,6,6
6,6,6
6,6,6
6,6,6
6,6,6
6,6,6
6,6,6
6,6,6
6,6,6
6,6,6
6,6,6
6,6,6
6,6,6
6,6,6
6,6,6
6,6,6
6,6,6
6,6,6
6,6,6
6,6,6
6,6,6
6,6,6
6,6,6
6,6,6
6,6,6
6,6,6
6,6,6
6,6,6
6,6,6
6,6,6
6,6,6
6,6,6
6,6,6
6,6,6
6,6,6
6,6,6
6,6,6
6,6,6
6,6,6
6,6,6
6,6,6
6,6,6
6,6,6
6,6,6
6,6,6
6,6,6
6,6,6
6,6,6
6,6,6
6,6,6
6,6,6
6,6,6
6,6,6
6,6,6
6,6,6
6,6,6
6,6,6
6,6,6
6,6,6
6,6,6
6,6,6
6,6,6
6,6,6
6,6,6
6,6,6
6,6,6
6,6,6
6,6,6
6,6,6
6,6,6
6,6,6
6,6,6
6,6,6
6,6,6
6,6,6
6,6,6
6,6,6
6,6,6
6,6,6
6,6,6
6,6,6
6,6,6
6,6,6
6,6,6
6,6,6
6,6,6
6,6,6
6,6,6
6,6,6
6,6,6
6,6,6
6,6,6
6,6,6
6,6,6
6,6,6
6,6,6
6,6,6
6,6,6
6,6,6
6,6,6
6,6,6
6,6,6
6,6,6
6,6,6
6,6,6
6,6,6
6,6,6
6,6,6
6,6,6
6,6,6
6,6,6
6,6,6
6,6,6
6,6,6
6,6,6
6,6,6
6,6,6
6,6,6
6,6,6
6,6,6
6,6,6
6,6,6
6,6,6
6,6,6
6,6,6
6,6,6
6,6,6
6,6,6
6,6,6
6,6,6
6,6,6
6,6,6
6,6,6
6,6,6
6,6,6
6,6,6
6,6,6
6,6,6
6,6,6
6,6,6
6,6,6
6,6,6
6,6,6
6,6,6
6,6,6
6,6,6
6,6,6
6,6,6
6,6,6
6,6,6
6,6,6
6,6,6
6,6,6
6,6,6
6,6,6
6,6,6
6,6,6
6,6,6
6,6,6
6,6,6
6,6,6
6,6,6
6,6,6
6,6,6
6,6,6
6,6,6
6,6,6
6,6,6
6,6,6
6,6,6
6,6,6
6,6,6
6,6,6
6,6,6
6,6,6
6,6,6
6,6,6
6,6,6
6,6,6
6,6,6
6,6,6
6,6,6
6,6,6
6,6,6
6,6,6
6,6,6
6,6,6
6,6,6
6,6,6
6,6,6
6,6,6
6,6,6
6,6,6
6,6,6
6,6,6
6,6,6
6,6,6
6,6,6
6,6,6
6,6,6
6,6,6
6,6,6
6,6,6
6,6,6
6,6,6
6,6,6
6,6,6
6,6,6
6,6,6
6,6,6
6,6,6
6,6,6
6,6,6
6,6,6
6,6,6
6,6,6
6,6,6
6,6,6
6,6,6
6,6,6
6,6,6
6,6,6
6,6,6
6,6,6
6,6,6
6,6,6
6,6,6
6,6,6
6,6,6
6,6,6
6,6,6
6,6,6
6,6,6
6,6,6
6,6,6
6,6,6
6,6,6
6,6,6
6,6,6
6,6,6
6,6,6
6,6,6
6,6,6
6,6,6
6,6,6
6,6,6
6,6,6
6,6,6
6,6,6
6,6,6
6,6,6
6,6,6
6,6,6
6,6,6
6,6,6
6,6,6
6,6,6
6,6,6
6,6,6
6,6,6
6,6,6
6,6,6
6,6,6
6,6,6
6,6,6
6,6,6
6,6,6
6,6,6
6,6,6
6,6,6
6,6,6
6,6,6
6,6,6
6,6,6
6,6,6
6,6,6
6,6,6
6,6,6
6,6,6
6,6,6
6,6,6
6,6,6
6,6,6
6,6,6
6,6,6
6,6,6
6,6,6
6,6,6
6,6,6
6,6,6
6,6,6
6,6,6
6,6,6
6,6,6
6,6,6
6,6,6
6,6,6
6,6,6
6,6,6
6,6,6
6,6,6
6,6,6
6,6,6
6,6,6
6,6,6
6,6,6
6,6,6
6,6,6
6,6,6
6,6,6
6,6,6
6,6,6
6,6,6
6,6,6
6,6,6
6,6,6
6,6,6
6,6,6
6,6,6
6,6,6
6,6,6
6,6,6
6,6,6
6,6,6
6,6,6
6,6,6
6,6,6
6,6,6
6,6,6
6,6,6
6,6,6
6,6,6
6,6,6
6,6,6
6,6,6
6,6,6
6,6,6
6,6,6
6,6,6
6,6,6
6,6,6
6,6,6
6,6,6
6,6,6
6,6,6
6,6,6
6,6,6
6,6,6
6,6,6
6,6,6
6,6,6
6,6,6
6,6,6
6,6,6
6,6,6
6,6,6
6,6,6
6,6,6
6,6,6
6,6,6
6,6,6
6,6,6
6,6,6
6,6,6
6,6,6
6,6,6
6,6,6
6,6,6
6,6,6
6,6,6
6,6,6
6,6,6
6,6,6
6,6,6
6,6,6
6,6,6
6,6,6
6,6,6
6,6,6
6,6,6
6,6,6
6,6,6
6,6,6
6,6,6
6,6,6
6,6,6
6,6,6
6,6,6
6,6,6
6,6,6
6,6,6
6,6,6
6,6,6
6,6,6
6,6,6
6,6,6
6,6,6
6,6,6
6,6,6
6,6,6
6,6,6
6,6,6
6,6,6
6,6,6
6,6,6
6,6,6
6,6,6
6,6,6
6,6,6
6,6,6
6,6,6
6,6,6
6,6,6
6,6,6
6,6,6
6,6,6
6,6,6
6,6,6
6,6,6
6,6,6
6,6,6
6,6,6
6,6,6
6,6,6
6,6,6
6,6,6
6,6,6
6,6,6
6,6,6
6,6,6
6,6,6
6,6,6
6,6,6
6,6,6
6,6,6
6,6,6
6,6,6
6,6,6
6,6,6
6,6,6
6,6,6
6,6,6
6,6,6
6,6,6
6,6,6
6,6,6
6,6,6
6,6,6
6,6,6
6,6,6
6,6,6
6,6,6
6,6,6
6,6,6
6,6,6
6,6,6
6,6,6
6,6,6
6,6,6
6,6,6
6,6,6
6,6,6
6,6,6
6,6,6
6,6,6
6,6,6
6,6,6
6,6,6
6,6,6
6,6,6
6,6,6
6,6,6
6,6,6
6,6,6
6,6,6
6,6,6
6,6,6
6,6,6
6,6,6
6,6,6
6,6,6
6,6,6
6,6,6
6,6,6
6,6,6
6,6,6
6,6,6
6,6,6
6,6,6
6,6,6
6,6,6
6,6,6
6,6,6
6,6,6
6,6,6
6,6,6
6,6,6
6,6,6
6,6,6
6,6,6
6,6,6
6,6,6
6,6,6
6,6,6
6,6,6
6,6,6
6,6,6
6,6,6
6,6,6
6,6,6
6,6,6
6,6,6
6,6,6
6,6,6
6,6,6
6,6,6
6,6,6
6,6,6
6,6,6
6,6,6
6,6,6
6,6,6
6,6,6
6,6,6
6,6,6
6,6,6
6,6,6
6,6,6
6,6,6
6,6,6
6,6,6
6,6,6
6,6,6
6,6,6
6,6,6
6,6,6
6,6,6
6,6,6
6,6,6
6,6,6
6,6,6
6,6,6
6,6,6
6,6,6
6,6,6
6,6,6
6,6,6
6,6,6
6,6,6
6,6,6
6,6,6
6,6,6
6,6,6
6,6,6
6,6,6
6,6,6
6,6,6
6,6,6
6,6,6
6,6,6
6,6,6
6,6,6
6,6,6
6,6,6
6,6,6
6,6,6
6,6,6
6,6,6
6,6,6
6,6,6
6,6,6
6,6,6
6,6,6
6,6,6
6,6,6
6,6,6
6,6,6
6,6,6
6,6,6
6,6,6
6,6,6
6,6,6
6,6,6
6,6,6
6,6,6
6,6,6
6,6,6
6,6,6
6,6,6
6,6,6
6,6,6
6,6,6
6,6,6
6,6,6
6,6,6
6,6,6
6,6,6
6,6,6
6,6,6
6,6,6
6,6,6
6,6,6
6,6,6
6,6,6
6,6,6
6,6,6
6,6,6
6,6,6
6,6,6
6,6,6
6,6,6
6,6,6
6,6,6
6,6,6
6,6,6
6,6,6
6,6,6
6,6,6
6,6,6
6,6,6
6,6,6
6,6,6
6,6,6
6,6,6
6,6,6
6,6,6
6,6,6
6,6,6
6,6,6
6,6,6
6,6,6
1.20128671545535,2.79745957162231,0.436962446663529
4.11131157400087,2.26173694431782,4.01360198808834
5.50125464703888,3.4733521384187,5.3601225852035
1.7063967436552,3.69687811704352,5.14893363509327
0.627900767605752,5.34371301205829,1.99733962258324
4.20634475536644,1.96759898168966,4.92507077660412
3.16775990556926,3.01089710835367,3.01644253917038
4.84761120518669,5.89909655135125,2.16054694354534
5.7390007507056,0.586366835050285,3.29736304935068
0.662718112114817,2.35200170706958,4.71982802264392
1.63970969757065,2.07374534709379,2.04623520746827
2.94307921081781,5.18486727867275,0.155292556621134
1.91042411187664,5.75414994405583,4.2805402460508
3.35503695951775,2.41114758281037,3.26403779955581
1.57555883238092,5.08110618777573,5.6758093200624
1.211251267232,1.93809805624187,2.85972277494147
2.32515448238701,1.79339916352183,0.949100795667619
5.3272186294198,3.54314209939912,3.2756180386059
3.32953532366082,4.80733535299078,4.16842856816947
5.05307631148025,5.52415223233402,4.72814818331972
5.34124268777668,4.76599977258593,3.82934646354988
4.32420582231134,5.17917603626847,1.63559669489041
1.26804164238274,0.544873991981149,3.46819156687707
1.35430374462157,4.42592261731625,3.16768639208749
0.839902182575315,5.10931915836409,5.08261504629627
2.87948312424123,0.724657317157835,3.16255021747202
2.62447115778923,0.784324077889323,1.02028837194666
5.79578483663499,0.388827682938427,2.24664693139493
0.851483466569334,4.53115874854848,4.08343335706741
5.72987333033234,3.75813075341284,2.48119615204632
2.66838333662599,3.86273478297517,2.79878767719492
0.356174841988832,1.30503140296787,1.53524956293404
1.65089510846883,4.45004106033593,0.774876558221877
0.186889555770904,5.97957424353808,2.38796735275537
0.0868940628133714,1.98018003534526,2.45313894376159
2.92301417374983,2.68120328709483,2.59437036328018
3.57090973807499,1.15877823438495,2.92039676941931
3.58711822098121,1.88176376698539,3.80755681637675
2.38608308974653,4.83937855996192,0.947531430982053
2.38098238175735,2.5100655304268,0.414552245289087
4.89645641623065,1.83054280048236,3.17110167536885
1.41119252610952,1.77534862607718,3.26501375483349
4.96122147655115,1.34395910426974,5.66274815099314
3.2008555890061,2.72008847957477,5.09217614214867
5.57365628192201,5.99799221707508,3.99350475333631
3.29876835364848,4.45949216326699,5.32657163729891
4.56085516093299,1.95723156072199,3.72632044600323
0.411058574449271,4.13436987809837,4.47208529524505
4.76165603427216,5.74867907166481,3.29048626916483
3.79682056652382,1.95039136894047,1.07600067649037
2.30746161891147,1.41736880131066,0.563491685315967
3.39763605035841,1.41657072817907,5.87529171584174
5.53194340411574,4.21918573742732,1.08902444690466
5.8552656811662,4.27240334451199,2.22991053806618
5.59820303600281,2.83213462494314,1.75138278957456
2.28697596257553,1.02233199169859,5.86385240033269
1.53338442463428,0.363018941134214,1.29531269939616
1.54490220313892,4.8670148877427,4.02209505485371
1.18131828680634,3.64642619015649,3.84762962255627
0.818405429832637,2.71449301159009,2.68912242678925
3.74379901494831,5.82180564198643,2.24833578150719
1.04247169895098,3.67621523654088,5.16006225859746
5.19860747130588,4.80264850705862,4.04906712239608
5.93601411720738,4.95041049504653,4.31707365671173
5.91981457080692,3.786069937516,3.44589649653062
5.35207849927247,0.244531352072954,0.993597726803273
5.32930566323921,3.04879233799875,4.75215514143929
0.944061088375747,4.61995972925797,4.88118559448048
5.58275682572275,0.941384067758918,0.751422653440386
4.96158148068935,3.02802561968565,4.34594555525109
4.97606050595641,3.96050742454827,0.94854597793892
4.30404177261516,4.54288723692298,5.0543622658588
0.938157722353935,1.32918686466292,5.38811096688733
5.01276844320819,5.1672284072265,5.18037094781175
0.136347700841725,4.93508958443999,3.53468359820545
5.51476254081354,4.01159001421183,4.73523367010057
0.234113695565611,3.72837645001709,0.45911546330899
4.20071752136573,3.65414179768413,2.74429718311876
2.65979904402047,5.85239687841386,1.57318934239447
1.88321070978418,0.178386487998068,3.86162137566134
5.63661889359355,1.04544597817585,3.05808940110728
4.94247289421037,2.52871911786497,5.51931936386973
1.26692463224754,3.97758227353916,5.69697620999068
0.549776645377278,3.86994295148179,3.08079135557637
2.82164926081896,1.76924194442108,5.96646890463307
0.300368506461382,2.90737910522148,4.81288409745321
5.82598810968921,4.84479207079858,3.07392165390775
4.69893321348354,2.71719065308571,1.41922488994896
1.94394271401688,5.24976299889386,3.3881994872354
3.66891867807135,2.70014524972066,0.081734829582274
4.27810845477507,3.04235591506585,1.45776995457709
2.01598070841283,0.628545111045241,0.215648313984275
1.12522297399119,1.06046493630856,5.81239568023011
2.38141434174031,4.63120100274682,1.09197856066748
1.9360220041126,1.83913451386616,3.92099300259724
4.89573817374185,4.6467261146754,1.12638887995854
1.40659228200093,5.33910270268098,1.21751483017579
3.75243906117976,3.89742537215352,0.43479778803885
2.83446465013549,5.32159806741402,0.344581391662359
2.73420120589435,1.45010954607278,2.76734604919329
5.5698018707335,0.268368365708739,4.17052666051313
4.32439873181283,1.93038813723251,5.51173371635377
3.44672586768866,3.22633202467114,0.444218555465341
5.52142646396533,0.33523015351966,2.48184458725154
5.07968974253163,4.6620694831945,0.751205714419484
2.39139411784708,3.18105762870982,1.80314444191754
1.66188357956707,5.94623078685254,0.439341457094997
3.11715944996104,0.61076327925548,1.27625024411827
2.73199294740334,2.89542385004461,2.03113489877433
1.89889848371968,4.05980962514877,3.42340131383389
1.06497091194615,3.16048905579373,5.7487129974179
3.09277325123549,1.55130293173715,5.80271311243996
4.64619966130704,3.37023826176301,1.77407504338771
1.77554814890027,5.52008749544621,0.662867101840675
2.73102148063481,1.7823647512123,5.14955485984683
2.35759645560756,0.0765963960438967,0.380342805292457
2.84669349063188,0.202210749965161,2.00502766482532
0.618831035681069,0.726720011327416,4.41618429729715
3.55335706612095,4.35558998119086,5.05981248104945
1.11693432927132,5.91133238514885,2.13765289401636
0.767138185445219,3.20402691699564,0.879217485431582
5.89133499003947,5.97988094156608,3.2748065488413
4.82206487702206,2.07504586223513,3.96880675200373
5.21727754315361,0.373310014139861,4.21352540887892
1.68904221151024,0.317366616334766,4.72093866253272
0.253224609419703,2.5882063396275,5.74004378495738
4.14108193712309,2.9451775434427,5.57397205615416
4.57765516033396,3.21177305979654,4.40200567804277
1.34165989235044,3.94639164302498,3.37336921831593
2.00276543246582,1.24702746095136,4.41291451267898
2.19843845022842,4.16783976741135,2.98549744673073
1.06425163149834,4.2685947152786,2.78803029097617
0.106573332566768,5.66223851731047,4.1864118212834
5.06497712759301,3.44004409387708,1.25411259150133
2.28863708954304,5.11374869802967,1.25026943022385
0.0331473718397319,1.86689819209278,5.92056422447786
0.609710745513439,0.884001062717289,4.18691361229867
2.60929124895483,4.39038021443412,5.93319056555629
2.33920102659613,1.28753143781796,1.77244620909914
3.57411293266341,1.52984063560143,1.71450680075213
2.51483236206695,4.0791403404437,4.56662456458434
1.49204027932137,5.8382869376801,4.62979314895347
2.46450450830162,4.26090794429183,5.90273644728586
5.39625418838114,4.98313717637211,5.06441880902275
3.81429017102346,1.48765545012429,4.55940299900249
4.34303595218807,2.39124161750078,1.3217805577442
3.07746387412772,0.0155718410387635,5.95119452336803
3.86823219247162,3.70452081179246,3.32682760711759
3.96234776219353,0.834314986132085,1.93833227315918
4.18640957353637,4.78675713809207,4.64861426409334
2.62963979272172,1.53335408354178,2.34624703042209
3.67020514653996,3.84946540743113,3.75077827647328
5.0090636475943,0.997200442012399,1.08537399116904
0.482763863168657,0.420175136066973,2.21643869485706
3.28914108127356,3.96065962454304,2.40042422013357
4.17757939500734,4.57333568762988,5.591694151517
3.45012996671721,1.07992884144187,0.535923480056226
1.91287379711866,1.55837363703176,2.3195639513433
1.72053941432387,1.96177546028048,1.34598452271894
4.88027119170874,1.9915651534684,4.62561438744888
4.14542778208852,1.27373768761754,2.85742873465642
2.02179553778842,3.32752886228263,0.00443298043683171
0.244366573635489,0.927049557678401,3.22127413703129
5.4516716315411,0.442725619766861,3.32136239111423
5.01210635248572,5.06966667389497,2.04673606809229
3.89336643693969,4.95883555384353,0.190066716168076
2.94235954200849,1.54415645822883,3.15309276105836
1.03730998886749,0.777009175624698,0.326597099192441
4.50227697892115,3.09145323280245,1.25319528160617
5.88878899253905,3.1419688956812,0.284154586493969
1.43253647675738,3.43814476300031,2.79401879897341
5.56401542387903,4.15147554595023,1.30454041063786
5.94907276891172,4.04559342563152,3.62457545567304
0.254133035894483,5.35330754471943,4.17688119783998
1.90771496621892,3.72547923540697,0.572791053447872
5.18398603610694,1.75656735012308,5.04890445386991
2.81880014296621,3.67274172417819,5.1678099995479
5.7974891946651,4.79809485794976,4.48322651116177
1.80534509243444,4.48098693368956,5.08414885774255
0.520132394973189,3.52173710055649,4.72794686816633
4.93673554994166,2.22199060209095,1.62920514168218
4.35151518043131,0.419318332336843,0.532072520814836
0.864147197920829,5.59258641907945,3.20868770359084
2.90944921597838,2.4593919259496,0.0687689180485904
4.26748716132715,3.40990015491843,5.58003060752526
0.55359479226172,3.78854740737006,0.0294617344625294
4.8968052836135,3.45479996223003,5.94235552009195
1.3346796403639,2.85035877674818,2.61860245792195
5.03339800424874,2.3393186442554,0.133923422545195
0.941354542504996,5.53474761731923,2.33521607983857
3.8961931457743,4.68501570168883,1.59943651920184
4.53833998180926,0.731385663617402,4.25139396451414
2.18671202240512,2.21096260473132,4.05254390230402
5.58983100950718,1.42803972261027,4.14810128929093
1.76719958055764,2.97479652101174,2.08563364623114
2.07406050944701,2.15278462646529,5.71593591012061
2.56544018955901,2.66803037608042,3.02786998171359
3.67655155062675,5.39801135798916,3.87650504009798
2.85814033029601,2.87208200851455,2.47004797216505
4.01150197349489,2.7548391292803,3.54839715454727
0.138002087362111,5.44894704082981,0.704266556538641
0.775715357623994,1.6187881808728,3.63401624187827
5.23126524919644,5.0331394392997,2.73013372253627
4.22641096450388,1.79271928360686,0.65880439337343
4.50248672906309,5.71200176607817,1.70968194818124
3.09713740646839,1.55980620486662,1.42484545055777
3.49544505542144,0.102047581225634,0.0223597213625908
1.10730369295925,3.80627993959934,1.84953180793673
2.86161474231631,3.33752966159955,2.54056586651132
1.57703126734123,4.04066389007494,5.34107763553038
4.88573156716302,2.57662555295974,4.52532428037375
4.5238874880597,2.23735473398119,2.0027981987223
2.45692066289485,3.70262473030016,5.67392457509413
2.94818207714707,2.12712416471913,5.63598035182804
0.148016241844743,5.23643265478313,5.31714351894334
1.94048784440383,1.73488351190463,3.32871165219694
1.35342971747741,3.30255558108911,4.62362584797665
0.65861260984093,5.06815122859553,0.0669536674395204
5.3985245777294,1.88100731978193,3.57187236612663
0.104014896322042,0.623555192258209,2.35204304382205
1.02191467350349,0.946379268541932,5.12266464857385
2.65652580047026,1.31334135029465,5.48918715957552
5.68583357334137,5.7768280073069,5.78076576534659
1.42237624665722,4.79721604194492,0.658213312737644
5.97204444464296,1.15758841484785,5.49839340616018
4.79550931463018,4.58539768774062,1.26949366461486
3.33318685926497,0.995280192699283,4.46218062099069
4.86171971261501,1.47591236047447,2.81838569557294
0.530355779919773,0.687074344139546,5.82601627986878
0.934098347090185,4.91381282452494,2.88128757476807
4.72700880048797,2.14015556545928,3.61644733138382
0.50190222915262,3.3319647568278,1.42820516601205
0.359841152094305,3.03296820167452,0.779051599558443
5.61179541237652,3.78169956291094,0.864550046157092
4.07145501952618,5.43958380678669,0.806966762524098
0.92337165819481,4.17801388632506,3.21261201426387
3.12544074654579,4.12605614075437,1.60425629792735
0.175069550983608,1.42471845354885,3.68253854429349
2.51967557938769,0.687648662365973,0.378206793218851
5.00479555176571,5.13683621864766,3.79656195407733
5.27503051282838,1.14707839116454,5.17151108337566
1.22240217961371,0.326083593070507,0.743070846889168
4.87127903010696,3.26742044230923,2.63538415823132
5.96447687130421,0.498757594730705,4.90371230291203
0.562622811645269,5.61009851004928,3.61971984291449
3.09259237674996,1.00162854557857,4.81932838121429
0.300993090961128,3.88049775268883,4.75680760061368
0.745300623122603,5.80715173808858,0.481584166176617
5.13154269754887,5.41639689635485,0.0703764064237475
1.76685222331434,3.55118078738451,0.488086596596986
3.68474313011393,5.96881061699241,0.894305277150124
0.684139473829418,5.40924155618995,4.3972169905901
2.06739555252716,0.948995063547045,1.03832409717143
1.04545751865953,0.210617262404412,3.04005986033008
5.35850238148123,4.73002719227225,5.20279014715925
0.364165236242115,4.1747865434736,1.15095375152305
0.515430444851518,0.900622981600463,4.40027582785115
5.66765094827861,1.04682019399479,4.32877898169681
0.448403859045357,5.48406772082672,5.86719347443432
3.80735064670444,4.46220482094213,3.2555199698545
5.46755445096642,2.45609130850062,0.191967867314816
2.54756491631269,5.76431667432189,0.184766330290586
0.143607405479997,2.3665295667015,3.42587921116501
1.5363014456816,2.65221092104912,5.17731140367687
0.643872044049203,3.87409741384909,2.21208449313417
0.766932367812842,1.25490524293855,1.94993509445339
2.75141491508111,5.01953449845314,3.41660360712558
1.67207067087293,2.02621285105124,3.30109507078305
4.60927522787824,5.93240638123825,2.28805336542428
3.43913022475317,1.31297827837989,1.96326461993158
4.05413887230679,4.21649718889967,3.93452200340107
2.02707229508087,0.194897968322039,3.90093147475272
3.68014245294034,4.14630421483889,2.5208287560381
1.16422339808196,1.18739867443219,2.87786215497181
0.848883714526892,3.36740851867944,1.54635133082047
0.82146176090464,2.62096315389499,4.52758053643629
4.45048558339477,3.19790450669825,2.92456926684827
2.34874618146569,2.52675431175157,1.36453188350424
3.70555131928995,0.338233353104442,5.36980691598728
4.07493172539398,4.41082938434556,0.162115575280041
1.27810482960194,0.378380420152098,4.90122604742646
1.35513864504173,5.62441718671471,4.41973954299465
2.9297482338734,5.74596069194376,1.48416591295972
1.88215968618169,3.5318290530704,5.95962536847219
5.91228003194556,3.48627404076979,0.3691556439735
1.11630739923567,5.44528359174728,1.56837883265689
4.98493172647431,5.35263935895637,4.29492627549917
4.9451505895704,1.00162505311891,2.40473286900669
2.28098733583465,3.57589955348521,0.704593582078815
5.49522970151156,1.16816849727184,5.17526688845828
2.02695674216375,5.06759830657393,2.09935689624399
4.04432492516935,4.50836868770421,2.16625618049875
3.23885755660012,5.40098718367517,0.555404259357601
3.86697584716603,2.99332177313045,2.92444466706365
2.45471911132336,3.682736040093,2.29091095179319
2.71878341306001,3.88798189116642,4.57713152188808
0.471016521099955,0.0486921197734773,2.39269647980109
0.146635319106281,2.99330201838166,2.42518420703709
2.08384731039405,5.93012089747936,1.05289371823892
5.4623392643407,0.945377600379288,4.55156585248187
4.96768975351006,1.6235192315653,5.19915950763971
0.964829477481544,3.93225836427882,3.22465599328279
4.64343341812491,1.92906141048297,1.32586721889675
1.14450271334499,3.07230942696333,3.75413922127336
1.81467932648957,0.415251270867884,4.17158914497122
5.86959954723716,3.98942807642743,5.80502368602902
4.74330841144547,2.28306153276935,5.86830527801067
0.170490314718336,3.96022117417306,0.808485684916377
1.61658508563414,3.73776239482686,5.87525551579893
5.073381758295,2.93017927184701,0.230417052749544
5.35313981445506,2.37298550410196,5.10047747287899
1.23894477635622,4.92273475136608,2.14229205669835
2.20587445562705,0.521168515551835,3.270378109999
4.01275781868026,2.74739630380645,2.67190310452133
5.30533913243562,3.92015418363735,3.92818507784978
2.94846579199657,2.76587043190375,1.92763241752982
1.97260639769956,4.22975102858618,3.1046806150116
0.234783272724599,3.9761867383495,4.68360543809831
3.44293605582789,5.9022772363387,1.2847910290584
0.373604104388505,5.73211412737146,3.69940599706024
0.0262750536203384,3.49266909901053,1.78705654107034
4.64125211164355,2.17129947105423,3.00490007875487
5.9259368958883,0.605188877787441,5.60023707523942
1.58652332425117,0.922108593396842,0.678675441071391
3.22331814235076,1.81825587758794,4.20446559833363
0.272212091367692,4.607775779441,2.35354286525398
5.68896711990237,2.81134691415355,3.62685170257464
2.67222107062116,1.4355195639655,4.05003542359918
1.82822636514902,4.43025940284133,5.83055233256891
4.54662766540423,2.14442567154765,5.0810554632917
1.5289537422359,4.75121688656509,4.54176395991817
0.15778508875519,1.2970807836391,4.69060605252162
2.90382456360385,1.11527469707653,2.27426455495879
5.8743019066751,1.69062643870711,3.26914176251739
2.71655340213329,2.06394506664947,1.91940620401874
0.848500921390951,2.47772637661546,4.78220354067162
2.95295131299645,4.77039942098781,3.4491664795205
2.8787822839804,3.59950380027294,5.78593950346112
1.88158541126177,0.576689792331308,4.42060544667765
2.0473765656352,2.02794398088008,1.86841359129176
0.449477017857134,4.85244592186064,0.982082270085812
1.43745936546475,3.81404889933765,3.81962010869756
3.34295105282217,4.52886137086898,0.0429291478358209
2.29716061335057,1.88334030797705,0.326353293377906
0.650953156873584,1.18032172042876,3.19663876807317
0.838637388311327,5.59717194037512,0.547616737894714
0.239062995649874,4.46098632831126,5.11131429020315
2.82918041618541,3.80661294423044,1.20030203461647
2.91505199298263,5.5154679575935,2.95089981006458
5.26669454248622,3.90033981157467,5.9894226458855
3.7804112881422,5.05159545410424,2.8883779104799
1.74111583130434,0.417886298149824,3.28859103983268
5.65234885225073,0.0070477738045156,2.44130811374635
3.0493379496038,0.108700427692384,2.7272770581767
0.854573066812009,2.42570326756686,5.12082270719111
2.68359492346644,5.26293475460261,1.8325381167233
4.92145011154935,5.80784060060978,2.93256083596498
0.450181997381151,2.70362953422591,4.52951685525477
1.65554467169568,0.280755589250475,4.45760329440236
0.636486806441098,1.78819569479674,5.61297527980059
5.91259312396869,1.58997715869918,5.36266549257562
4.13167174626142,5.20993877062574,4.47528210980818
1.48235504189506,3.59996871929616,4.96822025533766
1.95551546663046,4.2518606716767,0.24433360202238
4.64034284139052,2.93971311254427,3.07779198233038
5.46321979584172,5.32654308434576,1.93617606768385
5.01040023425594,2.55587414558977,4.68867682479322
5.70261942408979,2.19962828373536,2.30592537811026
0.618180398829281,2.44639961840585,4.39352978160605
3.50507648941129,4.40845521306619,3.27583014266565
2.34436961403117,5.98066315753385,2.01790769118816
1.29724125796929,3.23773091984913,1.1925341533497
2.54934104438871,0.0156862498261034,4.06263303989545
4.57446004310623,0.14355158759281,1.41845695115626
2.1028798869811,5.70403972221538,3.09990616561845
3.02697705756873,2.87591984588653,1.59620103193447
4.62317020772025,5.97280129697174,3.92044643545523
2.21090556588024,4.97549201734364,4.19315873226151
0.728010880295187,1.63903341349214,3.45023657474667
5.08675812324509,2.50298220198601,2.90362463286147
4.48671572841704,3.95553103275597,4.15455686766654
1.57541302219033,0.299640010111034,1.42772639449686
3.85743518359959,4.25688275322318,2.6307141026482
1.98992275167257,5.14369207760319,5.78807703964412
1.81977856904268,0.101476255338639,3.15332264453173
2.83360865106806,2.76432812539861,2.30044231424108
4.04309768462554,2.72795263957232,2.10650825221092
5.51985552348197,2.06930329464376,1.21187232853845
2.55328754894435,2.35301132826135,3.52456082822755
5.30834316182882,1.44471672037616,3.94475285382941
5.45835571456701,3.49519628193229,4.39173912629485
4.99474820354953,2.32047678390518,4.97251334181055
4.75687561696395,5.94589046342298,2.70286083687097
4.87148810271174,5.90097371209413,5.84189310064539
3.19654117058963,5.67489169724286,0.567986630368978
5.73522988054901,4.37531493091956,0.408132707700133
1.54540529754013,5.7055497081019,4.23205412831157
5.24552652100101,1.62110800249502,3.59226821735501
4.59723583934829,5.91956968931481,1.85837001074106
0.956849267240614,4.12575906794518,5.36095891613513
2.72847873950377,1.97737855743617,4.14723372180015
0.998843859415501,4.79628684651107,1.6862487019971
2.30375060951337,4.28039221744984,5.63029458839446
0.0573663976974785,3.52589586703107,2.44476990401745
5.03225786145777,5.28610602999106,3.78311678767204
0.9672512258403,5.85649960767478,0.238867620471865
1.31478537200019,1.05126247555017,4.37859218660742
0.781348183751106,5.69441983290017,5.28480085590854
3.65212140558288,2.94732690649107,5.54330190969631
2.55293643241748,2.8679351597093,1.59835513634607
3.9563020169735,2.44670984661207,3.98766676336527
3.91508462978527,5.63539354177192,5.3091215766035
4.37676502810791,0.662691338919103,2.19164584949613
0.428581754676998,1.19861273467541,0.306298355106264
4.95306173851714,4.28237892687321,0.432743288576603
3.70302618294954,0.0156950703822076,0.990354198496789
2.13964494271204,4.58195307478309,2.18120450153947
4.7429614760913,4.42731091892347,2.70158696779981
4.62278575636446,1.32035511732101,4.27337857615203
4.19785136869177,0.391151710879058,2.24478620337322
5.33093560254201,4.00764296622947,5.78934529284015
2.45465542143211,3.96265202807263,4.63806140609086
4.41221685055643,3.69867914775386,4.0270781214349
1.50460137985647,5.20241591753438,4.2878165342845
4.20697372639552,0.993677504360676,3.68707980215549
1.47674650931731,5.36162554705516,3.09718542220071
1.91023370437324,1.56475869007409,3.30130698904395
4.02985811792314,2.91963445628062,3.85720986686647
4.76969573227689,4.93185657681897,5.49943288229406
1.21232990641147,2.16654458362609,5.11570124560967
2.00641587981954,0.832048702519387,4.79586505098268
3.7786084972322,3.99576191743836,3.33226004010066
2.65971420798451,4.06364653073251,2.25496782828122
4.33624118613079,0.0286996909417212,0.762485885526985
5.53211315302178,2.48194150580093,5.58814259106293
4.96106038615108,2.61378027359024,4.12624876527116
4.12150964559987,5.44250487070531,3.48536919197068
3.88461704878137,5.14892732631415,5.80421711923555
4.36135485721752,3.67376340413466,0.378187366761267
1.35795105155557,2.5695477523841,3.31244333647192
3.50094692828134,1.11320922570303,5.75006122794002
4.194470141083,5.66565972520038,2.50517213623971
2.92030796734616,2.95749065279961,4.96677981689572
1.60817945888266,2.90165895363316,1.15935433795676
5.87145858211443,3.98158834828064,0.807927665300667
0.367287574801594,1.88467400148511,2.29720943793654
2.13238912727684,3.29455937258899,1.50005489727482
0.0442124744877219,1.18243162846193,0.0656037172302604
0.343535303603858,0.291663510259241,1.92697303136811
0.261918358504772,5.58987170783803,5.88026988459751
2.70971405832097,2.69476681435481,2.06038522906601
5.65455196565017,5.30600379779935,0.972289868630469
0.217160824220628,1.11946310196072,4.76220897445455
2.48647020477802,4.32100612856448,1.06393842073157
1.90309619670734,4.89081990625709,2.87875898368657
2.72507338877767,2.25372790172696,2.10136315086856
1.12992294318974,5.46984581043944,3.97212485270575
1.9449277468957,4.45291713159531,5.35916916327551
0.00140598881989717,0.906141947954893,5.41340358462185
0.423266643192619,1.30741752544418,5.23208359256387
2.10742110572755,4.1775196348317,1.40419335057959
0.249530469998717,2.63113382225856,4.16294725611806
5.01531421858817,3.79777390463278,1.61386001016945
4.43916604528204,4.63338221982121,1.88011411763728
1.73044926160946,2.37509043607861,5.90890736784786
5.88789855921641,1.08592151664197,3.5731338118203
1.59304931759834,4.03126299194992,3.64508749544621
3.52519138762727,3.06704413192347,1.93797170184553
1.78739733248949,5.48608193965629,5.25491186231375
5.75089638819918,1.63883169880137,3.52079099044204
5.82676214631647,1.23406408494338,1.39528785506263
5.90499092778191,5.5098182936199,3.80452495627105
5.51144140027463,3.4551721313037,2.02184533886611
4.53878812585026,0.039247530978173,5.61946171615273
1.36695534177125,5.55615640059114,4.54200589377433
4.22975896205753,2.40812879148871,1.58285203529522
2.27978915395215,0.946962105575949,2.51800350565463
2.49337969115004,1.54498446593061,5.87358392961323
5.27360844612122,4.38507518358529,2.01682260632515
4.45632874779403,1.1254829862155,0.0457410304807127
3.71750122960657,3.57966819964349,3.39331185165793
0.0194735401310027,0.664684953633696,0.38671450316906
2.719395684544,1.44177226535976,2.94732571486384
5.31206441950053,1.85799262672663,2.10385346598923
2.85626254649833,0.355416219681501,3.3632787913084
2.78867728589103,4.36792906187475,3.77165342867374
5.5760771096684,1.34586645942181,1.15101981069893
3.39526266977191,2.04281298397109,3.89407162321731
0.418104839511216,5.63085102243349,1.43576663313434
3.23350951820612,1.83790956996381,1.05327984457836
1.48265880625695,2.84531051851809,5.62208622694016
2.58736423077062,1.31015607621521,5.53344365302473
4.06461525242776,1.00126385595649,3.05117307929322
5.20109380083159,0.765782154165208,2.53932119300589
2.5679208599031,3.87895272066817,5.62662163004279
2.40322152385488,1.61495654052123,1.70533398678526
0.739593184087425,0.129898231476545,5.40049567166716
5.75101802358404,5.16695000650361,5.33270930824801
3.95242265565321,3.58014890179038,0.463985290378332
2.21777888992801,3.81505065131932,3.67904300289229
2.38874133070931,3.05829745531082,4.99353313352913
1.18306165141985,5.79820699710399,5.15853602578864
2.3686397485435,1.04564183810726,2.60103742824867
3.73819018620998,0.965686524286866,5.77782283304259
3.39117489662021,3.02363710664213,2.96101262094453
0.0207576099783182,0.56203190702945,4.12488668086007
2.0819415897131,0.668598891701549,0.925667556468397
3.75358216976747,1.19406569888815,0.861759382300079
0.19566431036219,4.53060028608888,4.95944474916905
5.33377692103386,4.38224806822836,3.97290488379076
0.369010690134019,4.06562156137079,5.35200464911759
0.63933383859694,4.50043142074719,1.67185310600325
1.6731420122087,4.28554229065776,5.90572432195768
1.22573155816644,1.98216891568154,4.33023794554174
1.1824109852314,2.89862583763897,5.74049930647016
1.40054500009865,5.69557437580079,0.935424325056374
4.69086689176038,4.13712398568168,0.588192402385175
0.462358087766916,5.16036222176626,0.713834540918469
2.92744255950674,1.3182442272082,2.97482266835868
0.345667662564665,0.64608204877004,0.0363009958527982
0.436461894772947,5.65827204566449,1.79409113014117
3.16519507393241,4.80426642950624,5.10438233055174
3.22415996901691,0.203929065261036,3.32740200776607
4.46817566687241,2.90311507461593,2.57401370164007
5.02221651049331,3.76871314365417,4.77821637690067
2.34443069575354,5.54747461667284,4.59251728607342
1.6521027199924,2.33684606384486,0.416457912884653
1.60221041925251,0.70060428371653,1.10315440921113
3.17889004060999,4.89259876683354,3.53337881667539
4.45893069310114,3.99749284051359,2.69388745911419
5.91603062907234,1.56354140304029,5.91606130683795
5.41735883709043,0.776626171544194,5.03652018215507
4.72019999055192,3.3368659755215,0.564322041347623
3.79278942011297,1.89474169816822,1.33383677853271
1.76978019811213,0.294070639181882,4.24760962184519
3.87271112250164,2.99635588377714,1.26253326795995
0.32794262515381,0.141524063888937,4.14217331120744
3.96001504780725,3.61213657446206,1.02912342734635
1.39365302631631,1.82107257004827,0.936103597283363
1.9832872194238,1.83272480685264,5.92493488127366
2.16610408108681,0.148840463720262,3.25360106583685
0.475266873836517,3.33225405262783,5.76999888103455
0.973261801991612,3.71471694437787,4.54634884698316
5.30434394488111,5.78180760517716,5.68751501804218
1.39402477769181,4.38188557745889,2.30233255773783
3.69635065086186,1.43036990705878,2.85423988150433
5.57150244433433,4.63784527871758,2.57635215902701
5.50688624521717,4.28976599453017,2.41906593320891
5.81075492547825,2.93840017402545,5.20536403683946
4.95057994360104,0.976235839538276,0.963684617076069
3.00837066303939,4.57978191738948,2.07240603212267
2.35022464161739,4.91198594402522,1.42405651230365
0.537063263822347,5.15839509246871,4.30048742238432
0.595604821108282,5.8329782243818,1.17542454740033
3.36076866835356,2.70488926861435,2.73213418526575
3.59348507551476,5.30719014862552,1.09469370916486
3.68457223568112,4.60316632920876,2.91965037630871
3.37911258498207,1.89929970027879,2.630363620352
2.70756061188877,3.4988695490174,1.54800057923421
5.68951429752633,1.55047738552094,3.13846381567419
3.29879599995911,5.02953295223415,4.57970649842173
5.11248043645173,1.23773592570797,5.09342623734847
1.31957207014784,0.388225022703409,0.42075066966936
2.70334454532713,2.11736927786842,2.14097454864532
0.933229019399732,2.95605549635366,5.33958367165178
5.859160579741,1.37484229076654,2.62813866231591
4.99924731720239,1.66682262998074,1.78579766023904
2.78411822766066,1.09603252680972,2.95676485262811
2.01616942835972,3.490226901602,1.91371542401612
4.92513217963278,1.53032202087343,2.56827865820378
1.21690521156415,4.04650117317215,3.07033989205956
4.46086674369872,3.17162053054199,3.05127768684179
5.51542162243277,4.48386762617156,4.85169482510537
5.30887484829873,2.25511105265468,1.16525090346113
3.04072353802621,1.79462845623493,3.41011116513982
3.97157991165295,5.64838062739,0.832958046812564
5.80597457801923,3.06014239182696,5.12572267279029
1.2227472262457,1.91519354609773,1.98808493139222
1.4774973616004,4.25714560272172,3.9153910567984
2.14682792080566,3.1088486155495,3.81189435068518
2.4805950592272,3.96558492165059,3.06207774672657
3.27305748034269,0.329977069515735,5.06618117261678
4.51540765631944,3.83004327351227,5.91336700133979
1.31741011328995,0.881916234735399,4.28905052086338
4.19943564897403,1.33352938480675,3.14246056694537
5.79191876482219,1.35841176426038,2.22729955986142
3.19260047748685,1.83204815536737,4.05763885052875
1.50306161306798,1.01956600835547,3.4120595776476
3.12868189299479,0.21679853880778,4.58426302531734
4.26424487214535,3.54539895616472,2.04848457779735
1.38289458537474,2.2926102206111,1.15710486005992
3.57450908655301,0.919146177358925,4.76328721409664
4.99852489912882,1.95765532599762,0.717955889180303
4.26450070599094,5.6448515416123,0.998880270402879
5.02510602073744,4.93721641832963,0.338875954505056
4.22362288227305,2.40434261737391,0.331697057001293
3.44570244429633,0.483335942029953,1.50728473719209
2.66526627307758,5.12530922144651,1.02404595399275
3.64540752628818,5.38354426017031,4.15222682151943
2.15005190251395,5.71945101069286,3.59293177491054
5.32133150612935,2.43665323918685,5.76321404334158
1.71138328034431,0.987243542913347,2.1455326708965
3.44891539262608,1.08167200908065,3.77441922202706
5.52987883379683,3.92630299553275,0.321840616408736
5.85088664386421,5.55324641754851,2.40197074273601
2.89279828593135,0.372280803043395,4.31464941333979
3.33096663001925,2.96720415400341,0.165767655707896
3.87146264640614,5.81349967047572,2.7490475946106
0.343264657538384,1.78750941948965,0.30380572937429
4.05384473595768,1.01329673174769,3.50388517370448
1.27631602808833,4.74583416245878,5.94396476447582
2.17909938795492,1.17894218489528,0.81004093028605
5.33754372457042,2.21236232668161,5.08844684204087
5.75205741589889,1.62124202074483,3.55342741543427
2.14458727324381,0.450328017119318,5.1471888916567
3.50846105581149,3.68520402582362,4.42644089693204
2.61252309009433,5.81189169036224,4.39851858280599
5.67067739227787,0.6801379295066,2.72526562493294
4.27454207092524,3.12724832352251,3.79615881666541
5.28830998577178,1.4539558365941,1.7252116673626
1.16816752776504,3.11572087649256,3.54995665093884
0.733135870657861,1.51288396446034,5.63171513797715
5.35355732822791,0.584610355552286,0.407983501441777
2.12585112126544,2.0256157158874,4.15280172089115
4.67153255967423,0.85115995304659,1.54893940826878
2.329385493882,3.73691562842578,3.79067080048844
0.830568138509989,2.95085638482124,0.801230625249445
5.51659136451781,1.77165010431781,3.46218259166926
3.16145801078528,1.43592162290588,3.96470275288448
5.12725425744429,1.66197500936687,1.12372936494648
5.67461134772748,5.08242020756006,3.60223407950252
4.50282489135861,1.36597916577011,4.39676768146455
5.34640983631834,5.16271431511268,2.67528140125796
1.27427964191884,3.21129599260166,0.809019760228693
2.1138101038523,4.26284019090235,3.22988845361397
1.53108143107966,4.46320875920355,3.4991081203334
0.531176336109638,5.6623125448823,4.4122713021934
4.41463481588289,1.46282801963389,4.71983661130071
3.85448240675032,3.61277238931507,3.50025975191966
0.419967284426093,3.7797709456645,0.499865531455725
2.14848154317588,5.3825929784216,0.466553977690637
4.55951053043827,4.9499481911771,4.94130264222622
5.49228316219524,5.25602746848017,4.34923607110977
2.65159054286778,2.51679108012468,3.71097841858864
3.68890093546361,5.71727188071236,1.10437877755612
5.22236817609519,1.11657397029921,0.234623529016972
4.56798815354705,4.41324332356453,1.17362661939114
1.73951282305643,2.75764344446361,4.65173083730042
1.04510186892003,0.720650376286358,3.56601259438321
0.0997232249937952,2.48037443635985,2.62426254339516
0.795756338629872,4.72699304251,2.53011566866189
2.92042411956936,1.13126252917573,4.14547493588179
4.42248564306647,5.32111932104453,4.01024829223752
5.72874376690015,2.50618120422587,0.860422463156283
2.45149486837909,1.75756240077317,1.07788210362196
0.546387960668653,5.98209231393412,4.36515966570005
0.513753875624388,5.28937879018486,3.62045719893649
5.40112292999402,2.9220916852355,0.726615075487643
1.35091356234625,1.73428572714329,2.93807594105601
3.80083610024303,2.016486922279,0.797864652704448
0.781008866149932,4.5669666021131,0.932924527209252
3.00817629368976,3.92704348498955,4.92974478146061
2.47911063395441,5.88586767297238,1.23785009980202
1.38135539414361,1.1704818662256,4.17650120984763
2.67947722692043,2.80232571763918,0.0705952034331858
1.6105453055352,5.07729986775666,3.44398953951895
1.2400362691842,0.700441465247422,1.9230915857479
2.77887454116717,5.78456905251369,3.21872479794547
4.08993510715663,0.0275786519050598,4.70568689983338
5.31021534930915,4.33121280977502,5.9095684401691
1.15412114840001,3.97192004090175,0.604416105430573
1.56625073449686,1.68428329657763,4.25806687446311
0.548296405468136,3.31497426051646,3.84364345064387
1.06061013042927,1.31136250449345,4.36808632872999
3.16876302380115,4.14456375734881,1.64653975563124
4.1476270146668,0.652428160887212,4.48120993981138
4.07225705031306,3.51549737434834,4.9708050750196
1.13356971228495,1.27741745486856,2.48865021485835
3.68261970067397,3.1284969295375,3.60453682160005
5.77542992122471,0.588906310033053,2.73708864301443
0.0117446263320744,2.84791852394119,3.21678656246513
2.54618791071698,0.516323674935848,3.86262805201113
0.0586785734631121,1.39201465062797,0.154923502821475
4.32398200733587,4.1894052810967,4.04596050968394
0.250413590110838,5.59920232649893,0.397753947414458
1.97482459573075,5.20461120363325,4.57451355876401
4.77190155722201,2.28605627920479,1.23974706698209
5.00156453764066,3.84130342444405,5.41393103823066
0.88801404973492,4.82006192347035,3.11965882312506
2.9960203198716,1.68931518914178,5.98010953841731
1.14114484610036,2.0636068219319,5.28836601460353
0.20375535171479,0.145525015890598,4.11875809868798
2.06660822918639,1.42644980689511,1.03585802391171
1.17276697000489,0.895587702747434,4.84472072962672
0.614191406406462,0.0991661120206118,5.51983953081071
3.31120881065726,0.718392364215106,1.93325430387631
3.33066900121048,4.24334730114788,3.75977937178686
2.60370751284063,1.61630965070799,2.38864053273574
5.29025191767141,3.51640701061115,0.600745129399002
4.06116356095299,4.68731193104759,3.39826295664534
0.104431685060263,3.36999504966661,5.41432866454124
5.95243951398879,5.92992569552734,3.63690437050536
3.61697313375771,5.36559361265972,2.13962638797238
1.31697329320014,0.11192783061415,2.7905059279874
4.96689130598679,4.1421908531338,4.15078318119049
1.59343313332647,5.97612930927426,1.82656667288393
1.60585110587999,2.27178944041952,4.6735862866044
5.7549568740651,1.50079107563943,4.22575163422152
2.97821627324447,1.74854625575244,2.61713221203536
2.87702613975853,1.28938705148175,2.72676791623235
4.19128057267517,3.83796385629103,5.18883657362312
4.99649494607002,1.14063108852133,1.69125138083473
5.78736621513963,5.16409417195246,5.2926163142547
0.394499596673995,3.45368118491024,5.57948827603832
0.167428637389094,4.79919226560742,5.97985844453797
0.152737227268517,4.96958550531417,1.44080907013267
3.47387370513752,2.3742303927429,1.22140813339502
1.38057510461658,5.69697015546262,2.66737431054935
3.65347317466512,1.19475239608437,5.70069754589349
0.117869711481035,5.63523029861972,0.541763534769416
1.20899820327759,2.01532381307334,3.46476417593658
4.08235129527748,1.91699707880616,5.36310060974211
5.87280755583197,3.6329700644128,0.729119793511927
2.52880333922803,4.89269511261955,4.56272570835426
3.99646172253415,3.7389529296197,2.8709973427467
1.09802697133273,3.40080095082521,5.82673740573227
5.1379430629313,5.00150088826194,4.03161465050653
2.45584817463532,2.26491992874071,3.74474614206702
1.63389679044485,1.80743098352104,2.5248824832961
1.50063852360472,1.29456274956465,5.23501667333767
5.15203343611211,2.9862502226606,5.88947171252221
1.62021045852453,3.5317135322839,3.73930294951424
1.4287485703826,4.97806373331696,4.28925075475127
5.77395940152928,1.88733062334359,4.99016452906653
2.57414257200435,4.57763319136575,5.01627527922392
4.87441412452608,3.73176567954943,5.68370424024761
4.14826783630997,1.80609853193164,5.14553808560595
5.37493980070576,1.53363904170692,3.41141943912953
2.52544800192118,2.18520390707999,0.542056300677359
2.81708073802292,5.85268462216482,5.99456082098186
3.21488757943735,0.697884691413492,4.94097797479481
3.49185823649168,5.73623097734526,3.94464708957821
5.0551794944331,4.17607443127781,5.45689067663625
3.52228722302243,0.9801708413288,5.62740512704477
0.183229337912053,3.09604802588001,5.48636781005189
2.95852299593389,1.85752117680386,0.580069586634636
4.20080104423687,4.53833443718031,3.67446037335321
5.0506691141054,4.08731581270695,2.09156996710226
1.82044037338346,4.79769817739725,1.05451572965831
5.11923066806048,2.88838033983484,1.14545262325555
5.32223625993356,1.53732529236004,0.180370804388076
3.80937116872519,4.30131180630997,5.27029139874503
1.82428337680176,4.66311887372285,0.778567064087838
4.05176109261811,3.76990825636312,2.98489595437422
5.1736871204339,5.3066272563301,1.71927188197151
0.334755146875978,4.02377822762355,4.3400478484109
4.13151301676407,0.0882164603099227,5.6272860285826
3.8294438906014,3.51750579569489,5.15527660399675
2.42487846454605,2.6444011204876,5.92960417689756
5.84446929674596,4.58717862702906,3.48380460916087
5.89697761181742,3.5807134648785,0.585214981343597
3.81616522651166,5.86896803788841,3.07121490268037
5.29625544743612,2.49866718845442,2.70460656797513
0.601181308273226,2.75294599123299,0.560573877766728
4.8880575299263,3.72250663675368,2.26664300914854
3.56854388304055,4.43120553949848,0.206539368722588
4.84470467688516,3.51483613718301,1.12418560730293
2.58602651813999,0.101774607785046,0.167566792108119
5.70694263232872,1.5148503407836,3.85155852651224
5.9747022385709,2.1015638904646,4.89935148786753
5.55516200093552,1.00551929092035,0.954768159426749
5.28959446633235,1.11594974342734,0.353921424597502
4.63046007743105,0.588541810400784,3.47289654705673
2.32457076385617,2.75267394818366,3.48345950804651
1.47022370807827,4.52952297683805,4.68264894280583
5.64680278999731,5.01020751474425,4.93751110928133
1.28611125564203,5.91600614273921,1.04539020359516
3.51281091291457,5.68196911923587,0.65128735313192
2.37977655837312,2.76278336998075,4.47063083807006
0.791905428282917,4.15158647904173,4.55048417765647
2.05000363150612,1.69988317647949,2.70463378261775
1.19146348815411,5.56064666574821,0.332566605415195
3.47863391367719,1.14173304615542,4.95390649465844
3.94025997351855,2.03285162011161,0.520068474579602
1.39260185603052,5.19580024341121,2.31501968018711
2.77756119193509,2.2868431401439,5.42764698760584
4.60224405443296,1.0831058928743,2.18462217785418
4.70879900828004,3.8202442182228,2.80460392730311
3.76819899352267,5.3389665777795,0.111549739725888
0.175423085689545,2.67107410496101,3.4462374849245
0.0203144839033484,0.746455193962902,3.11953425966203
1.3147789654322,0.858744963537902,3.22427069675177
1.661272700876,1.2675039418973,5.12013213476166
3.93821488553658,5.58238783339038,3.76630525058135
4.15836192900315,0.579522056970745,1.78387991432101
1.70727163553238,4.38960265601054,1.82183475187048
0.383503513410687,1.75893945526332,4.00800353614613
3.90198934916407,0.653314281720668,1.54319331748411
2.15906533738598,4.83475559810176,4.30904562212527
3.8097397419624,4.06846535671502,4.70426959125325
1.91479403944686,4.68010592507198,3.78505298774689
3.69774273829535,0.141743725631386,1.94295960059389
4.08348236745223,0.959906520321965,0.822196037974209
0.20755463372916,2.66137424111366,1.41825179709122
0.420363371260464,3.79919202486053,4.20479592634365
2.22401571040973,4.5915252501145,1.54452529828995
1.07907191058621,1.98711406253278,5.56686528772116
4.47914537927136,1.46401606639847,0.41913999337703
4.05908893654123,3.46394408214837,0.348168755415827
0.104383521247655,4.38653643988073,2.83858157135546
1.42846106132492,2.80580585449934,2.24514428107068
0.735228831879795,3.68791096145287,0.712322451174259
2.11531497957185,5.5192712447606,2.68504556687549
3.11745210969821,5.68501472566277,2.99454384064302
5.86570658767596,4.47496747970581,0.729082270525396
0.564605851192027,0.27632403653115,3.39931575441733
1.74661169713363,4.21146318828687,4.56155235506594
4.98015363933519,1.81751842936501,1.8576909955591
0.142845775466412,5.71045523229986,5.89451831253245
5.57914863433689,4.43081100052223,4.40553603228182
5.09743011463434,2.15089461486787,1.89710231591016
3.07219405705109,4.55782779632136,1.72278128005564
1.19460100634024,0.448637783993036,0.280962694901973
1.32469803700224,4.52912537148222,0.606918894220144
0.927532876376063,5.69609657814726,1.42826049076393
5.50397860212252,5.20671087456867,5.63705447735265
4.50050728255883,0.163302508648485,0.101349828299135
3.42363628093153,4.1835160064511,1.79371178057045
2.92048122547567,3.72975208656862,2.32782655349001
2.32607993809506,2.38722217082977,4.75747591909021
5.92579019721597,4.77833899157122,3.73584020370618
3.96411238471046,3.71557304542512,4.88655046932399
1.94916924415156,0.431234451010823,5.57916991319507
0.148752998560667,5.05875245388597,0.920683848671615
3.46352660749108,2.75279718171805,0.216632658150047
3.59203448658809,5.45734444633126,3.44743783352897
3.07538303313777,5.22703266888857,3.10852326778695
2.79744752822444,1.76255013048649,4.56832331512123
0.220684597268701,1.6343478471972,2.76346859196201
2.71922351466492,1.65886547416449,4.57298576552421
2.83140877028927,1.94952042913064,3.14917628327385
3.26686548627913,5.23401917656884,2.98098811833188
5.78637275565416,2.76672116853297,0.705220310948789
0.234035996720195,0.407938229385763,5.03843929432333
4.03025396028534,2.20818399265409,5.19607484014705
5.4915385209024,2.85038811480626,0.982338011730462
0.701031301170588,3.59268820798025,1.66225576540455
4.67773144645616,2.16316496115178,1.81912700179964
3.58812851132825,4.59482150757685,3.03128381213173
5.71788734570146,1.11249525938183,5.02964636357501
2.71587797161192,0.276580236386508,3.01539000542834
5.39910919172689,4.50855144811794,0.214197889901698
4.52373098954558,1.34653732879087,4.13967324513942
0.456382201518863,0.142644324805588,5.3622059575282
0.477590632159263,3.0579785713926,0.2848817165941
3.98015930503607,2.56207443354651,3.59649378759786
4.30477947089821,0.160402402281761,3.73858991498128
0.869150305632502,2.32295996882021,4.12168151792139
4.42899603769183,3.77911413135007,0.681668903678656
0.803934280760586,3.45464189071208,1.45491695171222
1.02919948613271,2.12065097456798,0.0181716210208833
3.05923431599513,1.4691446358338,3.79582951124758
0.388913218863308,4.61466591479257,1.34738261159509
2.79879071982577,5.81979364855215,1.93942501908168
3.63052576035261,1.21408371627331,5.95122733013704
0.571440503932536,1.33568508317694,0.624703472480178
3.68806719873101,1.89341629715636,3.49184450693429
1.09458450973034,4.84536758763716,3.05990966130048
5.73760401830077,0.0483029983006418,2.00588131137192
5.41127736540511,5.63140418892726,2.01221814751625
4.0992766530253,3.96094512334093,3.69500785740092
3.60139757255092,5.92616352299228,3.95971535146236
5.42692390736192,0.720705321058631,2.1502158343792
1.26071389345452,5.45394596317783,1.60146906226873
5.78725092625245,3.33575678709894,3.93645073659718
4.63220128091052,4.84256700379774,4.44027998903766
5.09853394282982,1.00764675904065,1.4909030967392
3.88696671556681,3.9626921270974,1.97182549070567
4.18352261697873,1.84239322738722,1.52118820790201
3.89334763772786,4.99366350146011,4.18464397173375
2.08051382750273,4.15147197525948,4.20313162403181
3.98694739490747,3.11167169502005,1.63265250530094
0.39294642303139,5.09099533874542,0.753203904256225
2.44525322690606,3.71614578925073,1.93961691018194
3.01433750521392,1.30931798228994,1.60675999894738
3.81407687393948,1.08946169586852,1.6990867042914
4.82235819473863,4.3652634350583,3.27785471314564
0.886761903762817,1.22132541518658,4.99350920179859
4.6035570083186,0.691349300555885,2.75513112964109
3.33875239267945,2.24671714380383,4.81415500910953
3.81818897696212,0.357162899337709,2.87926771631464
3.2357394550927,1.17310815118253,4.98203957313672
5.47980722039938,3.7652405812405,4.73574519669637
3.92465041670948,3.34626573091373,2.10721919126809
2.3185198190622,4.23830400919542,2.50920420046896
5.06634098477662,1.95396036934108,0.519597097299993
5.82308465335518,3.71758528752252,3.82339408155531
5.07068056985736,5.65281945280731,4.45489417109638
2.95841052755713,1.4823970827274,5.43284579319879
0.167853942140937,4.68741978518665,5.22668116400018
4.23464869055897,3.24063602741808,1.94571292726323
4.4929815530777,1.88921809382737,0.583702644333243
1.76750604528934,4.82116045709699,1.88762671686709
4.96451331255957,5.71986855939031,2.78355032997206
2.80668519297615,2.10879290895537,3.76474287360907
2.99747094372287,0.154572450555861,4.49403319275007
2.92907697055489,1.69547949079424,2.0337970526889
1.13750733202323,0.614420334342867,2.53374335495755
2.65353928646073,1.07905971910805,0.110320730600506
5.26571318786591,2.95426734583452,2.77160059707239
2.97399924416095,1.44666248001158,0.604809314478189
2.31994725996628,4.59974122513086,2.40957063110545
0.503944440744817,3.77871730132028,4.55767752416432
2.44382385537028,1.75338328862563,5.94812584575266
4.49436197848991,5.61850277613848,4.66032145544887
3.88277176581323,1.33711402583867,4.24270357377827
0.745247859042138,1.39773536240682,2.97894639987499
0.181407193187624,2.02406509034336,2.18032589927316
3.98223375203088,5.923898155801,4.64376981183887
3.42705055139959,2.29264544276521,2.57550749508664
2.09629144985229,4.09320667153224,3.83811315195635
4.52402374567464,1.05362505465746,2.4428882477805
0.644342701882124,5.68043875414878,2.75929674273357
4.93539967574179,1.4708236316219,3.18223584769294
4.05690519930795,3.53441548906267,0.00566691532731056
5.46712796995416,4.14713092055172,4.89780005766079
0.474916665349156,1.31985828001052,1.6631960500963
5.7091556196101,0.418095252010971,2.11306201480329
5.84062652243301,3.48444756260142,1.90912763820961
1.5555235859938,2.41232042759657,0.246497011743486
4.29307282436639,5.1826290898025,5.65477059781551
4.07017000811175,0.407694913912565,2.00716473162174
4.94719890179113,2.36518588894978,5.16216128692031
1.22894488926977,5.18553957855329,5.48981453664601
0.366786821745336,0.438347922172397,1.78285696590319
0.795264848973602,3.40358723932877,1.19440609496087
4.35771544044837,3.56454188609496,2.17993547860533
1.42489808052778,2.36284889699891,5.18343213200569
1.02516928547993,4.43944390397519,4.69421132979915
4.92510403878987,3.38531029690057,1.3986919275485
5.47885755077004,1.43603468220681,0.241693538613617
3.62309813406318,2.13802103418857,0.402646405622363
2.36950797121972,1.61954437801614,1.49856155086309
1.83651017071679,0.298746971413493,2.43171616829932
0.00721733830869198,3.33006007689983,1.13302402663976
4.76278228405863,4.88032193435356,0.408067356795073
2.43373568728566,4.49386423872784,4.24948700331151
3.91232193913311,5.01209461921826,2.54313445463777
2.35643536224961,4.27456484455615,3.72533265827224
4.26823580358177,2.10770989442244,3.89824847644195
5.29832859104499,5.42013663053513,3.80753749608994
1.98582569416612,5.79013009881601,0.946666558273137
3.12249220255762,0.160985026974231,2.29559533623978
1.28604439180344,0.671833924949169,2.40043945703655
3.77817538334057,0.0677016377449036,3.27512685069814
4.8383041229099,2.69177712360397,3.10142521793023
4.215030498337,0.648655017837882,4.85802288120613
0.402696332428604,2.06031191814691,0.922748986165971
4.38241642015055,3.48591406177729,1.61757754627615
2.68531317589805,4.75620096037164,4.60572406696156
3.18345131166279,4.88303222414106,2.69203393394127
1.85746512003243,2.23372095404193,0.716574826743454
2.38255685102195,4.24613386625424,4.30498240655288
5.40084796585143,3.96168824471533,0.38196913478896
1.06978853233159,0.100634907837957,5.55446025822312
2.15414589224383,3.29738435335457,0.135863377712667
3.2808608324267,3.6298651448451,1.2922523743473
2.09409763896838,4.48802437540144,5.13124221749604
0.0974503993056715,2.72168706636876,5.95017163082957
2.14212471898645,2.51725450297818,0.0361929293721914
2.24822508590296,1.75875218259171,4.06932443613186
1.66251595225185,1.20418115705252,2.26609053136781
1.37663625832647,2.28857994033024,1.68677419424057
2.83026089798659,3.45333328843117,4.05473942449316
1.06366311153397,2.89905668841675,5.80346780922264
5.29032332031056,3.91218993673101,1.96388102369383
4.65452813263983,4.52180451666936,3.85411538276821
5.38220416707918,3.54317330382764,0.912480182480067
3.8424720056355,0.804991717915982,4.68170003592968
2.17584130447358,1.75568985706195,0.755659762769938
1.22091319318861,5.91098904283717,1.75750512024388
3.73739143973216,0.790861499961466,1.70744219608605
1.96732895728201,2.26448953337967,2.01599524961784
1.13175931200385,3.2224034643732,4.79613152425736
1.50682970322669,3.91782288718969,4.09036887204275
2.72531533939764,1.07870788872242,4.24481966346502
1.26953927334398,2.07992547657341,1.73062672186643
3.47633252665401,0.508388177957386,3.44648434175178
5.67842594487593,5.80249544838443,0.757314059883356
5.55185682233423,5.46645136037841,0.883229771163315
3.04432392306626,0.127237876877189,0.784762451425195
5.27213699184358,5.53440868668258,5.75554867275059
0.835893622599542,0.357768578454852,0.00874339509755373
5.06763527914882,5.82931975275278,0.195093075279146
5.40827466454357,5.6111337156035,4.77228376921266
4.15775047335774,4.03847838705406,3.03752786200494
2.6567081627436,0.937378310132772,0.662501601967961
0.0123326042667031,2.2314136843197,0.878452976234257
0.0664110300131142,5.17249261401594,2.61920453840867
2.13310251804069,0.248511895537376,1.69895723462105
