"cov0","cov1","cov2","cov3","cov4"
1,0.25913744554961,0.152590077767808,-1.4461859810048,0.879923053766981
1,-0.52415431867627,1.66852313335889,0.0364321788580321,0.131570320583658
1,0.954884230909298,-1.37489404623658,1.10893096498168,0.587057727785502
1,0.650372720204043,1.05367969844035,-0.224320728818205,-0.159449963336866
1,1.72293404114632,-0.481697965133906,-0.454858340665238,-0.843856657218331
1,0.74662210585671,-0.707455013979058,-0.455633890328159,0.674007449245488
1,-1.28630370834915,-0.0872533918379925,-0.576668479477636,-1.10568113161969
1,-0.184376262759787,1.63569636201643,-1.03410367467093,-1.92540537779022
1,1.99211895115785,-0.216074977164246,0.949155613568104,-1.2696966270398
1,1.86865229664983,-0.253907964915647,0.751864318076956,-0.402846535309194
1,0.620066340903984,0.10847919262222,-1.59384348630129,1.40610011622029
1,0.0517355199168923,0.365832013280178,0.536818333550402,0.637608380720397
1,0.430706493429278,-0.175983344741744,1.68256526380108,0.236625151682594
1,-0.0110482944370371,0.456482593275808,0.358923766078338,-0.720426957771735
1,0.0709580376553499,-0.577980202797095,-0.396441844151158,0.463771170692432
1,0.209897873536003,-0.572135768047645,1.01752444946584,1.25771829457652
1,1.23743989980985,0.784821287206299,-0.834156342930159,1.13371861663651
1,-0.0100856251825038,-0.0121066578757086,-0.606499130527697,-1.31943027144896
1,-0.0680287217764816,0.837987326786451,0.930954368329862,0.936021110816996
1,-0.256902618892162,-1.76218461991609,0.456575524742961,2.10893453497515
1,1.62512873875913,-0.744569440136483,-1.2375489365208,-0.401006524821406
1,0.205917949212231,-0.491884077870725,-1.88980870377038,-1.14901080153411
1,1.38455122640108,-2.14111410564501,-0.294570620680468,0.292914637490116
1,1.36457246569686,1.13472422218382,-0.367257754336452,0.40045506757211
1,0.6471914291078,0.157380818756815,0.937743203653636,0.342585069544104
1,-0.256385872011332,-0.321339471529215,-0.495046902194335,-2.38500122149253
1,1.33117440936511,-1.03957794580286,-0.13026884719898,-0.542670254542244
1,0.974170766537895,-0.845363826045832,-0.892298694506879,0.578256349509306
1,-0.921899235149672,-0.669674820904785,-1.30148531904394,-0.177521736223644
1,1.31497392326859,0.444777365165082,1.84078527137855,-1.00070619699879
1,0.193842432758643,-0.609140019006511,-1.17501187035198,0.129258914773006
1,1.12076409904904,-0.861698282862188,-1.19179126494314,1.92701511823979
1,-0.742577799358005,1.26792532686186,0.227640194424389,0.14742749071425
1,-1.49360977204536,-1.24222188365287,-0.202250907698907,0.63749742730313
1,0.923920994826263,-0.0447168743621142,-0.810137648585034,-0.420846940074135
1,-0.381812168924293,0.973866955587131,0.75811987330182,0.708403772901202
1,-0.19908878391342,-2.57200388783385,-0.132215297956822,-0.968305400515721
1,0.999195972847212,0.0599491502193005,-2.09861086693288,0.420099332605434
1,-0.445131913588268,-1.1462780424178,-0.192428665651075,0.00308686774919967
1,-0.622215377974674,1.44209710640729,0.556996854005008,0.404164637544056
1,1.42178029509264,-0.606788973519062,-0.119776009792557,0.725566628851996
1,0.222802614518944,1.01212024715001,-0.550150862984476,1.01588259170614
1,1.3689626887498,0.319702181637729,-1.26599051783029,-0.448848805876371
1,-1.70598851602245,0.897336812650643,0.502446922684054,-0.570558008447333
1,-0.81147507043689,-0.0471869643317885,0.772829443092082,-1.82876945517605
1,-0.853930882469218,-0.265740785019796,0.493254282408079,1.01710455603702
1,0.137492186024911,2.52362420222032,0.747489917413399,1.07384100390015
1,-0.352033377173011,0.0841162558544435,0.251935955645667,-0.362277155418312
1,0.782347463268872,1.53745556234038,0.818369354283607,-0.853936834956159
1,-1.81878439950556,0.461613972467837,-0.87833020813592,-0.402266424753817
1,-0.649244727884603,0.356485522273538,-0.244771172330245,0.873260684649026
1,-0.607960802306728,0.732741856090004,0.490363217029206,-1.05012932736974
1,-0.0466360298948297,-2.2621174071586,1.02019761364726,1.13743638040373
1,0.484938656259661,0.879331646257923,0.599980806295646,1.80997700155255
1,2.06883496335948,-1.24537122626936,-0.320948410773541,-1.44232145825109
1,-0.58013895218643,0.811245823073348,0.302925080393392,-1.15047650991717
1,-0.53448610796936,0.394757314451187,-0.449270609463695,1.22394164728882
1,0.753525198541293,0.810021455887977,0.0649653428270593,-0.0357920645250577
1,-0.125075377444434,-0.812590669990237,0.418160836547927,0.333232268272042
1,1.42713421065195,0.475027414152727,-0.0563459358393456,0.609123723627588
1,-1.06684348419326,0.311337860157252,-1.36440893159946,0.725763737593051
1,1.13367870013777,2.31536777410694,-0.292358178702751,0.78255069961399
1,-1.3187756172964,-1.30837460253394,-0.407436019743116,-0.345498014409143
1,2.16456734663522,0.773095867459714,0.467944004557609,0.671305440678505
1,0.171061983411912,0.435538240328472,0.459354267699784,-0.324012373252538
1,-0.203507453315978,-0.379950856786273,0.386371025375031,-0.901803114046222
1,-0.374420977300067,1.03695519359862,-0.269669827500422,0.280340386178538
1,0.953117433594205,1.04216866927494,-1.29407948492634,1.27658879809371
1,0.578350346480832,-0.68336538088759,0.798653128308685,-1.57982718459163
1,-0.141178980321471,-0.0379730129574293,1.2048163552899,-0.31413893367166
1,0.199220230301957,1.25839497816177,-0.436988744284049,-0.659080995217231
1,-0.465527163096706,-0.815981955801741,0.736704159012777,0.795174634585534
1,-0.953755068201131,-1.05357398044396,0.643287700875951,-0.20328379910624
1,0.221752280429641,-0.324948750054901,-2.15820504318658,0.831010386165434
1,0.780108873906714,1.6352485281344,-0.655646686017678,0.469949906366622
1,-0.345725067973726,-1.48583366717798,1.03863853031691,0.70234070386986
1,0.280579078685656,-0.715617440471347,0.521343129353041,-0.0111476396463256
1,-0.651492703753168,0.676839228663671,0.321670633589825,0.210632513548591
1,-0.786523062921271,-0.51347573669534,-0.322915223045912,-0.628429123004149
1,-0.017815850227719,0.181278421687735,0.554795126807242,0.750155600888716
1,1.36320184787942,0.503359704944496,-0.871854103721038,0.972419217555505
1,-0.185413237740115,0.317966562437078,-0.906633410741644,-0.198317397552804
1,-0.557428615745957,-0.444320836106468,0.444549145729807,0.308727581343854
1,-1.48178470841763,0.236048165990562,-0.773126508844963,1.79596207717384
1,-1.02992559593784,0.738253303624363,-2.0599828410379,-1.63911317292984
1,-1.31238246034643,-0.0220376531612313,0.864644172200493,-0.342986467668324
1,-0.829280463684843,0.262345895313653,0.75241884505853,0.248332476874691
1,-1.13094168629335,-0.317259264509899,-0.555793575431028,0.617761111758736
1,0.415944178542582,1.29145066445739,-0.165149538173673,0.23856517941937
1,-0.172675594033715,0.935161609210514,-0.0602087956020092,-0.712512084064003
1,-1.28260339426633,1.09460735173143,-0.585732662797849,0.044085503583235
1,-0.787766193527089,-0.445241831891234,-2.29471713729028,0.438725805089445
1,0.199638598243403,2.17440144948828,1.60417736236227,-0.248092418586286
1,0.669785686617067,-0.049137585341535,0.796052422939178,1.32431795099237
1,0.745252586859987,-3.05568183431518,-0.877004252370658,0.385977665013997
1,-0.0130228000246642,-1.26085898955814,-0.559780648042759,1.36922690518935
1,2.43963803478788,0.956079505815875,1.33254746044609,-0.244144492173069
1,-0.560338464652504,-0.337872356841073,-2.34685618626956,1.24350556640194
1,1.03466779775945,2.83565843533162,1.01542273683104,0.631589768367539
1,-0.250806549378322,-0.274723560989678,-1.46480483732053,-0.818345694527328
1,0.742006930096999,-1.15904757694679,1.56768072944738,-0.475964166725487
1,-0.0832407448599497,-0.628936095245604,0.0650217494737303,1.24945699092762
1,-0.332246009522054,-0.129777880539633,-0.15992628191617,-0.529123541780816
1,-0.0736029976858601,-1.90593671789347,-0.876087055179487,-0.616523977410156
1,0.0818224190127848,0.543372597452621,-0.581474561273039,1.01692518695333
1,-1.74532052792501,-3.30630776127271,1.26440606017811,-2.19510829166631
1,1.64057492223522,-0.770598305828227,1.19079092929314,-0.580410517406644
1,0.836518873337037,-0.595052050582187,-0.0897464211522999,-0.507695048112501
1,-1.09777748865957,0.142185498133359,-1.09366292223111,-2.30191500447469
1,-1.74722552639734,0.294177844762967,-1.06143458125273,-0.749158635425405
1,0.476699195230079,0.214432583846459,-0.807668487117793,-0.221146824251779
1,0.80366224272213,-0.975751038867609,0.562018827921218,-0.405660648716388
1,0.928139409996799,0.00520289581533696,-0.19155548660892,1.05520717021765
1,0.350516408653065,0.586163566307601,1.09293334230356,-0.211416373121066
1,-0.0821154850075797,-1.00562033308386,-0.771172614598758,-0.628451332828292
1,0.472586980243519,-0.135196576101706,0.877526862440547,0.116738435118242
1,-0.78745381059741,-0.173591554075248,-1.2631052592007,-0.45609474375763
1,-0.587813098614757,-0.492907641324066,3.01588332214868,-0.474337745734382
1,1.80484088873867,1.11393758689323,-1.04389833785894,0.53698743596261
1,-0.703103129455695,0.240137837808499,1.88969833701108,-0.401727252023731
1,-0.101936749739794,-1.26082640246289,0.481222756811559,-1.82894633847692
1,-0.995908004137744,0.714472959832427,0.463721784285478,1.66785588648872
1,1.96861779259467,0.425750680268202,0.976856020647063,-0.819923940409712
1,-0.312554810496438,0.985766598066539,0.00982191609678963,-1.12598491967393
1,1.03961068144527,-0.459762041338783,-0.497248578286048,0.514746515787751
1,1.05462934428702,0.923107024420789,0.178281527481091,2.32727843073322
1,-0.935546667235277,-0.96496994955776,-0.890779366116987,-1.074246679851
1,0.395762076935634,-0.471512748362661,0.500890244717607,-0.683080490840881
1,-0.577724857052412,1.82765523998717,-0.0561041800377358,-1.00604662812389
1,-2.42216695526768,0.582511135043959,1.54693794084162,-1.65635541149412
1,1.14767661425561,0.815625921521784,-0.208309116614719,-1.73423603091574
1,0.724925766918613,-1.49492774026363,-1.17041391874501,-0.410861088423152
1,-0.959655791589928,-0.266835485120295,0.0996949436010429,-0.0792061601852746
1,-2.00227214760995,1.44009856360624,-0.460701444998216,1.90553921282344
1,-0.567774639054873,-1.59321564646667,0.131710245690756,0.076144241005002
1,1.03549096813719,0.373253838902359,1.01621165296369,1.96259289358374
1,0.605300921718504,0.298906125553965,-0.958317107812662,-0.8652943605732
1,-0.0492390009152067,0.771546938411077,2.22351868223192,1.50212285599141
1,-1.69429474041394,-0.372700440527876,1.09811208376966,0.820396223009883
1,1.28652730002426,0.137033326013781,-0.252555701843233,-0.752554352732507
1,1.06770258743527,0.993621789688675,-0.825106114382007,-0.494126019313861
1,0.777627409563406,-1.71411407690231,0.61132405153119,1.48080126417768
1,-0.835585759014462,0.471886622127191,-2.0099755880258,-0.456911495703819
1,0.677201070272827,0.230391338192214,1.3367641352346,-0.463466209231838
1,-0.70997971936962,0.243914463109174,-1.20835896098945,-2.4021268437383
1,-0.4281947469059,0.939998336798599,-0.179410006474111,-0.862708268017834
1,-1.19784784127336,-0.247555565402009,-0.226925231757408,-1.98969517626208
1,0.438356341625566,-0.92245593985108,1.90704777155717,0.480931329298583
1,-0.497211333233854,0.826367301514278,-1.61425602058373,1.63776599122492
1,0.974201537816226,-0.577067816882672,0.525019090881684,1.36087469245644
1,0.940275811188693,-1.90709520926246,-0.84777334689856,-0.583738970209737
1,-0.80652536392688,1.4841989676957,-2.3502114712932,0.192925973989207
1,1.62355883727755,-1.61746222367851,-1.30020103386689,1.2777309847016
1,1.45357331962636,-0.443348129524472,-0.774879488672152,-0.0249658577951662
1,-0.463034285427912,2.35692277326677,-2.14967726026061,-0.197865043290099
1,0.60329703373699,0.866743769672545,0.659896942653048,-0.485637571152559
1,-0.84899901007067,0.740763380966907,-1.86378369923926,0.8739615687311
1,-0.693831614615468,0.297670096336553,-0.295491900840015,-0.769630598478326
1,-2.12797086191817,1.11613634007828,-1.29002086345821,0.461112779022434
1,1.16977266717257,-1.15628842840935,-0.104696773161036,0.541277046201546
1,0.388384093690951,-0.332333765462269,0.739188786091124,1.36450732616137
1,0.541891631840896,-0.431732223583582,1.20529206738854,-1.17145682689317
1,-0.925995909684634,-0.337793841935227,-0.326457660831235,-0.712989782023149
1,-1.43759312017531,0.994653715815897,0.0942776957108478,0.418240840577154
1,1.04218449448533,0.411304450231456,1.74063992813191,0.554496812717202
1,-1.55979344852706,-1.38707628430143,-0.224821246964552,-0.313772464726671
1,0.0537823764996347,-0.591273511316145,-0.149465356915756,2.37328313768542
1,-0.763733390736676,-0.0928670142832565,2.16285711056812,0.0053164285861255
1,-0.201086991908753,-0.260347515684202,0.0872100368273679,-1.2859074842456
1,-0.247553158538272,-0.951727936522832,1.8805745761762,0.954354032519348
1,1.88846092024875,2.11349828605286,1.67130461376308,0.0898470907680233
1,-0.45773582948485,-1.22741411433367,0.893268433426978,-0.970284284020079
1,-0.578079927807271,0.0646765494503079,1.26901701116765,-0.461549848950051
1,-2.29392578362269,0.892247367472456,0.00514916003462879,0.291390291692541
1,1.77141133594399,-0.4019331860358,-0.414122016031221,-0.467794105283027
1,0.11009828392162,-0.40284896297813,0.736099169272559,-1.84874475254463
1,-0.418440802830931,-0.148182898804451,-1.29607101301532,-0.760280995977557
1,0.681934368277197,0.419491331000888,0.943656613846607,-0.665079102943927
1,-0.789606255799074,-0.416799282328702,1.22504159597426,0.14357092268098
1,-1.12818954639059,-0.832099552834902,0.919981535023982,-0.743223983928706
1,-1.02195865935719,0.367278505466668,1.41563264158774,0.881221696081081
1,0.108840726360797,-1.93746931482513,-1.97148665250529,-1.75965474435128
1,0.429317684975732,0.66768569692565,-1.30567608697559,0.330126638642979
1,-1.63845522069295,-0.450625982057183,0.634884944763499,0.921593287166102
1,1.99624851228241,-1.76443796250932,0.875232202053773,0.445360874633805
1,-0.703341329949648,0.295413786901699,-1.7925360291952,-1.53380358613128
1,0.428026559169815,-0.584157251374599,-1.64946570737316,0.568525205134665
1,0.490321990441937,-0.432310326107207,-0.712871387999864,-0.505061004413859
1,0.300993269035875,0.0751569118196816,-1.32264775693108,-2.15890204592388
1,-0.149613174899689,-0.988596425132988,1.02492024259875,-0.176869660807628
1,-0.676464827834147,0.088248774922934,-2.41487287313227,0.670604201104738
1,0.035082060234558,0.336687067314676,0.267511148719332,-0.804010083640571
1,0.619010323099589,-0.729961570448305,0.821086560338138,-1.8165711086017
1,-1.21150812409462,-0.503315603538199,0.31975420693661,0.960145652275936
1,-0.32161567135959,-0.692327610607438,0.7512178723253,0.27662192908788
1,-0.635269644343445,0.272213119834458,0.968923028552535,0.515401520351147
1,-0.882245571492652,1.55187321149398,0.922589401979133,0.448781120578258
1,1.55932365841489,0.0231989026548895,0.802928488119278,1.22467823136604
1,-1.1978159507929,0.464808430405001,-2.52044227472645,1.15829375570823
1,1.84144886726099,-0.264705877363689,-0.0954106785236339,1.14689167026286
1,1.28871724032147,0.0091359337023082,-0.375461161953558,-0.162419335767633
1,-1.56129873597961,-1.48630607371726,-0.597751770538562,0.999635398746623
1,-0.276299499170445,2.03856541452912,1.08071791301589,-0.213518173756567
1,1.10763625735021,-0.126081012699853,0.531105526182045,2.20833694627326
1,-0.756639971846478,1.03811005687509,0.494393639048649,0.732745122919121
1,1.60847513066493,-0.52883699748727,1.70238437077666,1.49030792614244
1,-2.46327325132695,-0.367259111824975,-1.11296469452347,-0.558773362356892
1,0.609464727649133,-0.608300929660492,-0.119487389011364,0.0391224879175098
1,1.17606290802028,-0.138921134925308,-0.0456837592828549,0.93432126846867
1,0.207225894774082,0.48176265121104,-1.3613219464452,0.283080257087244
1,-0.197084127936495,-1.95279960071108,-0.823642312648618,1.04163026971759
1,-0.200127585034845,-0.454190612570126,-0.127929995764077,-1.48755744102928
1,-0.225689131510919,0.991651035023527,0.541409885173125,-1.02470298857143
1,2.16929097528972,1.06019057729333,1.66965842616066,0.820515363721387
1,1.66884557085671,0.313049294650071,-1.14164533876966,0.494818750854373
1,-1.04008991774692,-0.224123576637053,0.723546967888763,0.270734908313306
1,0.0268652343879111,-0.170331894465808,1.65682189192764,0.59307485369808
1,-1.34081838190144,-1.43138587742462,-0.782336184062337,-0.168622219706618
1,0.186694877364686,1.656255891196,-1.72478592397713,0.19266331440147
1,-0.777254463256109,-0.277667150982494,-0.975767094076427,0.115631060779817
1,-0.262631505408645,-0.759540083950462,-0.765683142816448,-1.41897347512771
1,0.723475442079806,1.7910486966578,0.961825900340361,2.3062290576722
1,-0.105439891847714,-0.136628016740803,1.16898338380015,-0.883629812323288
1,0.266704162250955,1.2406905737459,1.31084368979487,-0.949931089233421
1,1.18810532838579,0.846736094228333,1.41974724411344,-1.49738326691561
1,-1.44853129780871,-0.765171180703903,1.4854840216285,-0.613023423401217
1,0.689973473017628,1.33445953854978,0.774979015116993,-0.41016717297564
1,-0.479485368841683,0.444882950702115,0.282045115448515,-1.06274591285159
1,1.19745819931611,-0.160420469998537,0.366037357750415,-2.37316530315981
1,-0.067839146945371,0.200332949475499,0.308639771415653,-0.560778282011868
1,-1.10947094434428,0.475967535237026,-0.602797222555208,0.881865890991609
1,0.714278076839552,-0.418953654934988,-0.581786125673834,0.686573914157875
1,-0.00914888760891805,0.12513991869221,-0.0391679261668115,0.736043498196507
1,0.683807705628231,-0.844012565609639,-1.41788225632679,-0.312215585808178
1,-0.930979061659348,-1.26933597490404,1.09580133933402,1.17394543134413
1,-0.333182997112644,-1.24590015177689,-0.109345439389821,0.831686402658989
1,-0.0109820633931242,-1.27710595618484,-0.196320252519926,0.117509121821148
1,-0.323557998378604,-1.22025088922608,-1.80420784709045,-0.348917055397028
1,-0.33482386626066,0.409605978782965,-1.41954246565488,-0.63084677397781
1,0.443662091987645,-0.0719164091838941,-0.180365751584775,1.24038070766112
1,-0.979586074119771,1.420000750901,-0.944764066864722,-1.28359899512098
1,0.0120987943503394,-0.455604500267351,-1.09923385499638,1.88084469713962
1,-0.877044449479138,-0.259685433300803,-0.130475544139332,-1.39622190256116
1,0.535919259224548,0.175555774283867,-1.36508428659956,-1.18927684035485
1,-0.822345809820171,-0.352019957325419,0.585278771950894,-1.92381003782107
1,1.24582115706603,0.309660291245842,2.9743586339574,-0.415305809278507
1,0.0984659921500936,-0.852803446280912,-1.10850190722585,0.545983112174391
1,0.197236046665725,1.34421565253878,0.118229945384155,1.03980568850561
1,0.519273612610371,0.0282272556154727,0.742202612262535,0.406301935030138
1,0.597943545354519,-0.0625575615677729,-0.45530419094971,-0.240958306016576
1,0.443648595426997,1.82133513890772,0.00752026626272803,1.12234382482734
1,-0.915023411581903,-1.58288290320576,-0.133396883806353,-0.520447794343816
1,-0.662480489025656,0.303821334723605,1.23828173059381,1.26940084704738
1,-1.96993756233365,-2.4113072563421,-0.373024853947112,0.934478524671803
1,0.159301111589777,-0.702244721025665,-0.296051630582883,0.343276034022356
1,1.34169045966445,0.457220817795331,1.26340805205673,-0.865140639363033
1,-1.09724029032759,-0.645480688058726,-0.183431865665519,2.12456977473374
1,0.487292609853005,-1.64763142639296,-1.91383874805146,-0.675187621744855
1,0.671431621656708,-1.53546997380144,0.384395926088925,-0.325286693542459
1,0.0539538017197577,1.07797205746567,0.552922301442636,-1.31190684434461
1,-1.24291420303775,-2.12942452358053,0.834081756525577,-1.70532216753029
1,-0.484670666253939,0.346567285002822,1.54561413023861,-0.435212243303339
1,1.39400060684276,-0.0996328886112596,1.48408329690655,-1.1915172185531
1,0.855106962264508,1.44803782366779,0.691833618463854,-1.40692549382849
1,0.535912797352624,-0.677124962377913,0.882307309501734,-0.0261043463794082
1,2.48163740376634,-0.366455511365759,0.546638866404425,1.10972735328214
1,-0.255108010295548,-0.276632890374393,-0.908575736374719,1.23844733903863
1,0.24081564438169,-1.87547887844891,-0.413188076762831,1.52638743651879
1,0.871412515759789,-1.47984826774111,0.512309799152779,0.562862724349024
1,-0.0906120956210168,2.40454563197931,0.810526512428665,-0.132429468300232
1,1.07515079285977,1.08737239277753,0.0569505628227679,1.66590062957596
1,0.569491514102261,0.235407374909223,0.300778027196091,-0.712667246817085
1,-0.201736019431907,-0.759778699914404,0.670301931877217,1.31646520993689
1,-0.137424259021657,0.105458718045319,-0.887210525241678,-0.389526990181122
1,-2.51893624025633,-0.483452582786472,0.538573485374965,-0.350288511649418
1,-0.584673707326388,1.17297764602074,0.364401223982659,2.82734205730791
1,0.0680246974779596,-1.34533216064839,-0.777896477996471,-1.1337978181112
1,1.3004725313249,-0.224558780229326,-0.0149432186437942,0.266054918284176
1,-0.685839734717341,-0.51368634280905,-0.734469958268171,-1.61057608905681
1,-1.51626487457831,-0.449014042474043,-1.80327868541158,-1.58066744690384
1,-0.196793928411459,0.219937404233341,-0.561956974447855,-1.22330750222243
1,0.0262985515332079,-0.576891945163668,0.770600773795776,-0.649375113838329
1,-1.48966109592016,-0.481982825744289,0.181507169940368,0.0965476468593257
1,-1.87074635761069,-1.14413354465442,0.185625289698109,-0.443936203464486
1,-0.837305198582492,-0.333096868947139,-0.928295553310957,0.299070871710611
1,1.33103380295901,0.231309279102283,-0.42047041471303,-0.837281845009419
1,-1.35775225764307,-0.089625379407018,-0.807860505088185,0.417891441194579
1,0.369588167204977,-0.717829613478632,0.187890717769473,1.10501265421239
1,0.158075350953356,-1.53328286959536,-0.100477536195868,0.518181938289795
1,0.705706891799407,-1.018579442932,-0.421035029506827,-1.43628925599282
1,0.738721863602545,1.12014790055517,-0.851869252293425,0.967022465074279
1,2.63276018065611,-0.865806237984935,0.0380116313794955,-0.720275608859166
1,0.347623799423901,2.38974069723371,1.90651540369534,0.931707515102454
1,-0.64931437506642,1.70602883041187,-1.03922617328863,-0.667829990275661
1,0.100467837017561,-0.857086240539178,2.37972553865076,-0.428681362057394
1,-1.18975623127484,-0.722694968962607,0.656774058562351,-2.10151238859718
1,-0.398301910726638,0.818612901557679,-0.995309281116565,1.36271199917817
1,-0.735778314565173,-0.552345288947425,0.368391144937906,2.31626821414989
1,-0.0948096138707659,-0.527792906782141,-1.33425166972551,1.52286625454621
1,-1.01540863943357,1.60364172913901,-0.23314413197069,-0.324919943135721
1,-2.8939905221094,1.34620402707976,0.538689341198512,-1.55363375091567
1,1.59485346850453,0.950921594409415,-2.33196569000534,-0.733185555878293
1,1.52355021614649,-0.800868243514552,1.04117566147431,-1.47788221485453
1,0.556891890776059,0.425366291126377,0.089875311497643,0.929249412276553
1,-0.745757439840071,0.851899132820808,-1.0391375163415,0.280223228675004
1,0.292649366655517,1.69197381262827,0.0297613803183331,-0.209254234740726
1,-0.291368632197746,0.435225128148803,0.174612343683702,-1.70833808513358
1,0.141698975417852,-0.570808335284888,-1.39538795488509,0.104882967376118
1,-0.182791704301797,0.674055203557198,0.204396578271123,0.272807493478113
1,0.314629062509151,0.0472073680321176,1.31118333330391,-0.182706918016651
1,-0.281204281362745,-1.42174094690595,0.11365712948178,-0.236987711142414
1,0.953567896732663,0.158875783071728,1.0036961329205,0.13662708348808
1,0.435850537557953,-0.604742102118534,1.43192057088552,-0.139785198157027
1,-2.31089667630805,-1.44448021543555,0.293027745036365,0.459551112445754
1,-0.531849654343785,-0.991996603735522,-1.01340308286891,-0.263853995624986
1,0.376360954736009,-0.0584387654767475,-0.0163626653574786,1.03931049350197
1,-0.58156880484745,0.0638951872433668,0.479966497114652,0.305217577000816
1,-1.26649322063972,-0.268444185448334,-0.729690887993478,0.270371642188816
1,0.82298927649629,-0.99236848930912,0.291556806034004,-0.101710917126324
1,0.903115092560352,0.792501106815765,-0.79831462687818,-0.100769015739365
1,0.198754049248902,0.0841606453505763,1.37665918638583,0.287453020001368
1,1.11515753376266,0.0120575113984195,-2.7175352862551,0.634449416034281
1,-0.638009338063613,0.720970559216829,-0.956626277514868,1.86158609270682
1,-0.955626394699586,-0.0962784125435013,1.08002225426557,-0.242120060044173
1,-0.172000254170806,0.871182531711151,1.66703676303915,1.06724176933006
1,0.751067983831424,1.65782998315937,-0.334827632039283,1.01011986406951
1,-0.994114755629975,-0.190333871802614,1.58517012366088,0.177518130834794
1,-0.995775696135201,-1.23492967820531,-0.512525387799257,1.28372616150004
1,-0.339302296495316,-0.879581093088513,-0.0890054584253625,0.432221761913985
1,1.12667961263832,1.40744253152696,-1.15270263257054,-0.479857866770323
1,1.14864555385788,-0.366628918344498,-0.661211745334059,-1.06446473489129
1,1.3127208278367,-0.791776544779525,0.425230384853608,-0.108103598970373
1,0.916679239881912,0.404531138396791,-0.0757555250531177,0.15293142373634
1,-0.80378429929078,-2.30976341670137,-1.13584598535209,-0.779549895705778
1,-0.343965648992559,1.30729054888654,-0.68525987452004,-0.807556907137578
1,1.18859747506689,-1.00931461503872,-2.05695325502892,1.63288587263497
1,0.152846394825829,-0.135780817649641,-0.193677362891033,-2.21828875467513
1,-0.4231010258873,-0.33026545564741,0.18875676900657,1.03627953381332
1,-1.45598558004878,-1.4047722949921,-1.43582821638638,1.50521782553755
1,-0.361100770635599,-1.42816371283529,0.788359577431552,-1.39299795770076
1,0.647430016753225,0.380832192489834,0.277986970978037,-1.48812071018396
1,0.288330170010318,1.05779274711189,-1.39425681992007,-1.09567786583183
1,-1.76556916414243,0.452343929154732,1.14853142526639,-1.89459645764529
1,0.0999189789841618,0.940413730006453,0.800767625071864,0.0842201723517296
1,-1.08490762929121,0.665529291688341,-0.350246184898311,2.04362409746716
1,-0.0754105125171484,0.00182305210005125,-0.7538909807464,0.659136687703236
1,0.501001538027069,-1.07006715860482,-0.404421086969263,0.774584156299672
1,1.16454503430518,0.182778853981108,0.407096185641267,0.776175534726514
1,0.970167878707946,1.74576397536986,2.02666063634683,-0.471278030686233
1,-0.993582620101008,1.33119379266445,1.33520215504818,-0.33838227863854
1,-0.702990634333248,1.03515344418705,-0.412347206667961,0.561546134719312
1,0.471502319235514,-0.33380364248337,0.758237391055538,-1.53063059474995
1,0.482162029157407,-0.168834064417407,-0.381993749934309,-2.80847618058124
1,0.122726898632946,-0.0353331997176261,0.657642026452596,0.714845910921103
1,0.605098490915947,0.0406095361391472,1.42373736273876,0.727225202052629
1,-0.519277521775767,1.54016474150434,0.337408785041971,0.625367130464253
1,0.165247035129342,-0.725210640498521,-0.0438310336528223,0.00675683422750577
1,1.07119731462999,0.305045661168033,-0.39523960201608,0.134029665516806
1,1.14129911581645,-0.0936818165839425,-1.74393074039852,-0.0794266052522619
1,-0.429096366732321,0.400967512674641,-2.18641206553562,-0.804209479234248
1,1.02431238230722,1.25005997267105,-0.410926086125497,0.923726577748697
1,0.968481698395444,0.0312453952105863,1.44336153268584,0.165670334903158
1,-1.23480707661837,-0.751893596486033,0.468558566564782,-0.660568719871728
1,-0.264136500223701,1.48470444496539,-0.492330488119799,-0.874854741951503
1,-1.66891070148404,0.497223087132527,0.0716066516935986,-0.300130788992451
1,0.0741127382172215,0.532474090079392,0.215996992225772,-0.28029841449926
1,-2.07185104261217,-0.621063362149559,0.276387416766202,-0.00491980120235615
1,0.150311498824093,-1.88819503204213,0.14409701338092,-1.67380375036125
1,0.356577313175083,0.373497156828631,-0.952788169759925,0.00162177433758396
1,-0.623619403527435,-0.705815848486935,-1.74927452068054,-0.152805321817755
1,0.997824009294041,-0.0871986719582994,-1.2005608101985,1.77995939966115
1,-0.245795240842131,-0.862842758686538,-0.305548439953563,-0.896282607669022
1,1.31668555290376,0.73313555818641,2.12706097994107,0.767179034548834
1,-1.05875818902294,0.340997108154704,0.703737487735774,-1.53913788190764
1,1.98342868275374,-2.37667425707874,0.412140311607154,-0.887733877345593
1,-1.16956548104559,0.479460537309375,-1.84032092372214,-0.288503802123953
1,0.467791995401051,-0.927891214829851,2.15669811995629,-1.29841446533354
1,-1.66929523531319,0.0661427826941983,-0.151686524387122,-0.00771807777523576
1,0.218026103383776,0.722971730058155,1.28036320046761,-0.088309574746726
1,-0.112963070828405,0.752561932054999,-0.5912150644369,0.575618460596037
1,2.47304870284357,-0.0981339276149006,-1.00062879537672,0.0146196675528475
1,1.29102767403845,-0.369595375492358,0.377987840260716,0.635035477209041
1,0.451576005444172,-0.705111339749009,-0.342219842793398,0.238304231225196
1,0.693338257640305,0.660789355069822,0.406531901465535,0.0628103363250924
1,-0.8817278921244,0.123133047066585,0.945210286063227,0.0827658601644386
1,-1.32134092789086,0.982002030379465,1.15899039559716,-0.992448784417158
1,0.219293073304029,0.523571237522261,1.30899905349323,-0.121155972893343
1,-1.43337897869775,0.700141970037687,1.17739915941129,-0.0828119431823992
1,-1.51579140107874,-1.3446513642844,0.023293986339306,-0.350889965005362
1,-1.07393669596842,-0.12459410669746,0.309379501970244,1.0391794924378
1,0.181799605586103,-0.899229010584092,-1.07793332334258,0.907850145697482
1,0.306016451910089,-2.05991455903718,0.428378900454749,1.39950625654761
1,1.26724465210644,1.78319308008186,0.107942056111273,0.427212105283667
1,-1.70479646844189,0.238812684150983,2.18321344695658,-0.648298480378452
1,0.283167595337105,2.11780300868015,-0.853945451247326,0.351140877647345
1,-1.12462094694489,-0.790532428662082,-0.425188518131966,0.581979637302819
1,-0.841607798672716,-1.61436011175059,0.593397354449103,1.58520802887775
1,-0.313944623252939,0.11639308610436,-1.35568618652899,0.590384561173218
1,-0.0260837916439351,-0.201078390994138,1.10591241373122,0.666744999432053
1,-0.123236054226664,0.462960473341194,1.53680184743984,-0.342096451093365
1,-1.18403375260922,-0.982458758014933,-0.312212562374968,-0.126747048589184
1,0.50622670275389,-0.64592967882678,-2.59605703944571,-0.658871963882122
1,-0.210315236161077,-0.157570295441577,0.984549093212529,1.30137916514631
1,0.873402103222252,1.48280862246287,1.76232739646189,0.26603415325441
1,-0.7182751016528,-1.38005830979665,-0.322139002574809,-0.59475066059824
1,-2.22825268896249,-0.774784324190841,0.218387679186104,0.0582875980571898
1,1.06877549458584,0.082518459316125,-1.0963685476905,0.633364723972294
1,1.23986708853593,0.774552540029878,0.0791279455632518,0.186619574961134
1,0.829533979645451,1.92704036677694,0.878401612841958,0.428686470082848
1,1.67379530857933,0.435638838399157,-0.477564268299077,-2.77937262577521
1,0.397994716424046,-0.183733137365349,-2.09471125020585,1.6814144249073
1,-0.515741547362137,-2.86980929560191,0.923746780437591,0.650307922730113
1,-0.258382101545179,1.77007315753261,1.70281041014069,0.375042757575658
1,-0.0188756112870013,-1.93465176883048,-0.340202383270162,-0.820385261853985
1,0.102002489463906,-0.752259178682427,-0.0229439552670782,-0.439563551952235
1,-0.561474091893484,-0.306396098331768,0.287268823289232,0.491534158586329
1,0.0225311766474834,0.189692212841021,0.405848632564217,-1.18979045036282
1,0.969867190687324,-1.29571933944856,0.523022727275595,1.09811061926596
1,-0.491396250310542,-1.36565007432316,-1.21633237337615,1.06822799589417
1,0.258030611492635,-1.54445280701367,-0.654118433144157,-1.56843928103185
1,-0.566758811284475,0.768860703071462,0.65804882807353,-0.118759511826713
1,-1.22003189810813,-0.700156471958193,-0.054259532729746,-2.00339959229946
1,0.211130035612621,-1.76948070010038,-0.48520948716912,0.385928111839142
1,0.170755815717613,2.32725365894239,-0.111618701979375,0.327628525253076
1,-0.21160853612239,-1.43310719692339,-0.386883693540084,-0.958404683226872
1,-0.548900301012762,0.826507595185467,-0.283873676701497,1.32757113204499
1,0.0757954643956536,1.629359981017,0.620218203021706,0.59714531594083
1,-1.93612651547433,-0.246244874182249,0.29700622735164,0.690569813654832
1,0.00966203144520172,-1.83429350719047,0.128676232299354,-0.25209861216998
1,0.721654640635143,-0.618767822063373,-0.190235245158999,0.716274306549319
1,1.40031042287316,0.165560348169438,2.35186195708342,-0.442313611347933
1,3.31022715550944,-0.640238160314423,0.341094261366686,0.163666892742536
1,-1.8921987409734,-0.373229121649028,-0.574836495874742,-0.0902402110417943
1,-1.35530559827545,0.324006062737099,0.392225522456068,-0.889020857649384
1,2.41212619305918,-0.492744506273096,-0.528433687443232,0.204479279369721
1,0.299099479399196,-1.06225573174061,1.06251483041233,-0.419373651338487
1,0.931335265274325,1.84413017590756,1.79883662252635,-0.977079369825187
1,0.402626895906809,-0.460305280369552,0.325991110179353,-0.198723821598423
1,-1.14624055268615,0.112333296157126,0.133660610289477,1.10250041368458
1,0.340769906983348,-0.753799766156865,-0.13232302468962,-0.129845927211449
1,-0.682489141018229,-0.150088696694944,0.666374573219365,0.075554787551963
1,1.25806928856327,1.18232967191242,-1.50661811183262,0.331025799649338
1,1.60901811447607,2.2188450411693,-0.577973189800549,-2.88939039038004
1,0.46969534996606,0.155417497374628,-0.0923777738810949,0.623680362316127
1,1.64405612694596,0.765409660834494,0.986294999286031,-0.316234680978015
1,1.71555675088992,-0.886387076566133,-0.800315865288799,1.21422771056104
1,0.214111882528123,-1.62227770203605,0.436700992906952,1.86708911668737
1,-0.31438041534075,-0.69388113122229,0.983140073305625,-0.65525742783966
1,-1.2821215302259,-0.411874923065475,-0.171903776468214,0.617004937804379
1,0.0978517459294248,-0.986248210243296,-0.473406239866964,-0.267593216152042
1,-1.1347571319268,0.186952881637989,-0.478450581114197,-0.275861685530316
1,-0.0298490486970669,-0.302163692282824,-1.37821360314669,-1.19584939683444
1,-0.720257633360084,-1.5207484286367,0.467167323184318,1.51890481973139
1,1.14357000191749,-0.438118684363945,0.921883093519881,-0.379542791448117
1,1.56121627310549,-1.25876598572734,0.964532422030545,-0.427159959046558
1,-2.57770801094277,0.571444609550674,-0.724399070576929,-0.507397418063868
1,-0.810182027092062,1.10629776401105,0.300641851659049,0.265885587368846
1,0.364481435920832,0.612067437301787,-1.23737730762286,0.578768159239722
1,-0.965304123351337,1.92630314794673,2.39293028423724,0.0149376846585132
1,-0.362812756370088,-1.19226592697481,-1.94055161553132,-2.26538082709469
1,-0.00192148579492072,1.19073843899618,0.131063532948602,0.530719546951899
1,0.847811958187461,-0.367681694156092,0.666785105889992,-0.450020538001526
1,0.478303820250632,0.721215234634413,-0.0862512790405174,-0.334961859799521
1,0.712799649694795,-0.966332378116446,0.275317701172756,1.40923948036875
1,-0.736683123490055,0.921239075083553,-1.10930953593387,1.32358742916142
1,0.0477671677023649,0.259595005028592,-0.823053728623536,1.65652463650362
1,-0.590483137391913,1.1840893007166,0.0678609659496241,-0.230816004373216
1,1.4860301119002,-0.708705964381341,-1.37054155188392,1.14015132567194
1,-0.614534713228279,-0.291757827744192,0.352872881882961,0.816092218056361
1,-0.866861766979874,0.0378595390748931,0.433013562750205,-0.385581345675742
1,-1.19534560332233,-0.00854136328405039,1.93614464414326,-0.151446445816617
1,0.414833267435006,-1.03160247333521,1.28284670703824,1.45125048931283
1,-0.686690744576124,0.959858939555879,0.730434473093886,-0.104239256663335
1,-0.403397956093505,-0.406924835987696,0.133404774920225,-1.04182088085521
1,1.08134526603684,0.510994734593993,-0.0550210585663179,0.00552712076007066
1,0.469363903666182,-0.304589286146979,-1.32464282086643,-0.704357198538009
1,1.40281159911921,0.890601372924052,-0.347602374497503,0.201919227547651
1,1.11295424092642,0.522438578201822,-0.798518286534916,0.120510600362217
1,-0.638070608621762,-0.110299581669216,-0.585597811441251,0.528189275918873
1,-1.67682091565564,0.460756373656739,-0.738131639182348,-1.24668903795037
1,-1.52227233908073,1.30287518727608,0.190376641919768,0.473862593468583
1,0.358309307183982,0.347569908342363,-0.459412873782733,0.971404212089009
1,-1.92225606889936,-1.21610112618781,2.62176661901932,-0.87957033707475
1,-0.58885612885009,0.791325714549365,-1.33177692110942,1.66273453573219
1,-0.326629466514889,0.24791907045025,-0.561922267493407,-0.722053554243541
1,-1.00682989186457,0.347414248543166,-0.441847028317313,0.240912345075137
1,-0.427107226724318,1.5255821822872,-0.175691345811931,-0.494807148987694
1,0.931042265823196,-1.29249057821103,0.0886745554157346,1.17730814031424
1,0.117137797758558,-1.10286436329529,-1.01120074043222,0.02051730929063
1,-0.65215994958935,0.277963450142272,0.590753121263404,0.805877778297264
1,-0.0752854664207529,-0.53122470490449,0.963869593545191,0.389449684900635
1,0.52576153590265,-0.426313914576112,-1.37413859047763,-0.749611252853807
1,-0.827840521540988,-0.145203702569621,1.49324428836417,-0.0262682457597262
1,0.477193115961868,0.0875755718021922,0.787503312789724,-0.695041890257181
1,-0.630857659337286,0.630784009110857,-0.419540853820311,-0.3899904889954
1,0.630427374718687,-0.137083097779956,-0.366613318963323,-0.873554463853785
1,-0.0581463205899405,-0.0609131791748687,0.355934460964413,0.33892896582751
1,-0.142786662076176,1.06988105644073,0.438617685416051,0.882095168784405
1,-0.438333536002556,-0.589748991835782,0.418141382352189,2.26368108656562
1,-0.564546273496711,-0.766723285646907,-0.432208444137821,-1.40997115926155
1,-1.66124686125466,-0.766850074602343,0.687484937969382,0.838050467773411
1,-0.810425180623617,-0.211817368188634,-0.80750792867715,0.285144218912907
1,-1.69586894309618,-0.158995080762847,0.496102258495189,1.65773959822156
1,0.473115942095839,-0.968754649983437,1.14612292317687,-1.09765265814861
1,-0.324313919895969,-0.374714007329328,-1.69065768390541,-0.66506995278284
1,-0.0184708302294621,1.5360308038524,-0.327985509622181,1.03551701570195
1,-0.247844322603977,-0.200146015559938,0.0706803732178161,-1.86166857624806
1,0.567141910117364,0.58535074761906,-1.02185969591962,-0.748727620429635
1,-1.3113458149191,-0.283766261571419,0.28545328717833,0.613960843863701
1,1.78842664139639,-0.033791493561128,0.303449061402314,0.225014418612197
1,-0.482913123987617,-0.459601421156221,0.341547785824677,-0.436669183964501
1,-0.279040890988797,0.833462003486396,-0.132761965195124,-0.223256926882304
1,-0.639994797982474,-1.43718798750675,0.738074144069152,-0.582941220600762
1,0.31769365931648,-1.68338319732247,-0.555833524541304,-0.418894148063082
1,-1.74319892698429,-0.914186496740759,0.921374893162353,-1.4313468449459
1,-0.469583121287317,1.02129094498853,-0.451616037174723,0.940822371639527
1,-0.104888202802724,-0.0534169853010777,-1.97684257758585,-0.385544349583128
1,-0.384270809920203,-0.228797918866322,-0.736590104337109,1.98718648926924
1,1.63705742893077,1.17962553622219,-1.60781184545474,-0.826035617896711
1,0.928315349333851,1.37307127747662,-0.16800424631825,0.609295403561993
1,0.395164733502907,0.939846255037205,-0.932483104237319,-0.195114390005657
1,-1.26278404698613,0.38165981054539,1.70268229468135,-0.0461825074348202
1,0.526418656511922,-0.636776164662582,0.0762878802707598,-0.655906263637901
1,0.936088243804274,-0.922942188029314,0.126384331140963,1.93258628177191
1,-0.525271871757768,1.09329117195995,-1.08150441859896,0.160525349693475
1,0.236115190951564,0.817323705629752,-0.0246362721976344,-0.376691853632755
1,0.447037755113164,-1.94727687121972,1.12177863942602,0.525795818507598
1,0.170166318367676,-0.955338071408144,-0.486801983725151,1.72756783126936
1,-0.577908673510333,0.894591500291227,0.328027535305466,0.924178692951305
1,0.759481265583291,1.96974274067604,1.22114460587933,-1.28371914624173
1,-0.123292573745079,-0.0392059860090895,-1.65878896621223,0.526148332156985
1,0.640067192366654,0.947914678667515,0.763782843173519,-0.634910472411882
1,1.24028856883968,0.146314505480937,-0.89929877525364,-0.890997669151454
1,-2.33991915064639,1.83226533591287,-0.0340275913107459,0.823395210935964
1,0.881679881341468,0.492666044154232,0.495184078761956,-0.196875619721176
1,0.780511127498641,-0.16582056409713,1.93407851115058,0.441119993218167
1,0.136259734837194,0.381109254596649,0.890545409537273,-0.478660835231348
1,1.72505986341547,0.201158290044468,-1.57736127600663,1.27715435260964
1,-0.52097669957681,0.680258700018702,1.03296714339575,0.494969124299595
1,-0.431508786228487,1.28027219645836,-0.106820466404637,2.14203986440049
1,-1.24605485123718,0.58937282107859,-0.145425359822185,-0.562165794427923
1,0.0811681308294567,-0.174286847111868,0.219246229372471,-0.243295651457568
1,0.0426939381308636,-0.829670263717144,-0.679959539420178,0.340732723193436
1,-0.989535083048095,-1.31314733696777,-1.25738137535307,-0.000369760144077104
1,0.773393307002003,0.522292805247685,0.341422576618886,-0.961422217885217
1,0.654807179535014,-0.541280997277689,1.34062797661999,0.839004760739402
1,-0.0211238013756509,-0.531025714435465,-0.960304377876905,-1.07250526291186
1,0.755365364840702,0.729521034457241,0.463154106959016,0.946808853870482
1,0.875809729632551,0.746336867135143,-0.168099715400656,-0.751182438441197
1,-2.35854395876767,-1.15156200607211,0.654221364567334,-0.61290795579978
1,-0.87934974217882,-1.15320937869014,1.12134212262358,-0.06756486881514
1,0.692782201456929,-0.0208853852304251,-1.28874734688343,-0.0625254536847118
1,1.58208239555581,-0.360822709565999,-0.411521917376188,-0.445227306965629
1,-1.51320063188199,0.302417076320189,-1.03793403996857,0.268367224763897
1,2.81144593464538,-0.471580461377535,0.0480648832254653,-0.267567596282821
1,0.0112031760074671,0.242073599739743,0.301225693904696,0.848876432494778
1,-0.212501462785494,0.826307405318123,0.579001190828413,0.715819700487423
1,-0.886752281879313,-0.964007213326155,2.14310476660127,-0.79406804929515
1,0.507391351390943,-0.169645579022078,-0.0590834128259114,0.11002068148013
1,-0.376542135299716,-1.44587370296119,0.39693729253499,0.0181238394381392
1,1.24010859085744,0.901729512569677,1.29982806993253,-1.21807585639372
1,-0.865532683807592,-0.995657659059886,-0.516144786029184,0.48328592104949
1,0.617393615936887,-0.187543020636038,0.23312082301363,-0.540761805300799
1,1.00550791344319,0.775979828363938,-1.17412304178408,-0.512542918439614
1,-0.962750246132108,-0.483437331261142,-1.85377458086154,0.759207688834043
1,0.560224642739721,-0.652318641611613,2.3308540651402,0.563223576165049
1,-1.25450555332005,1.55628533071758,-0.701843019448205,-1.15503570707572
1,0.190224169622565,-1.18991686831157,0.00223489882057129,1.83147688804908
1,0.350440676329816,-1.67147490312144,0.399546727419711,-0.926015683291214
1,-0.271149953076479,-0.439762140744014,1.54589043937276,-3.37570246289362
1,-0.857200087687641,0.905613165336561,-0.452758274141243,0.250176888249206
1,-0.921397347048655,-0.547805225646372,1.02212387426418,1.22726893762829
1,2.31922808920641,0.689386695433861,-1.14217665800044,1.79039907517509
1,0.390586864922963,-1.50590385615261,0.342118391380803,-0.966999754313293
1,0.31414248803098,0.713029858445941,0.228488085082773,-0.474835517190497
1,-1.09510824865169,0.180449305346176,1.88430483197454,0.0482183878868121
1,-0.851580891029193,-0.711900203240242,1.23861679683,0.373447749083693
1,-0.863942607391606,-0.401333555599375,-0.0610466897299887,1.52970191113813
1,-0.892822573495796,-0.250948774340993,1.40773844691274,0.331934039767958
1,1.40495090102097,2.35647677290844,-0.172395667829447,1.04018663349991
1,0.578868538661221,0.221259621897362,-0.560718439652237,0.975756114201838
1,0.533875205363887,0.526748547978243,-2.09962621222962,1.38882064555857
1,0.201937514390421,1.83933994950063,0.306330557016368,-1.00067320457676
1,-0.221042752389408,0.992378735191376,0.0866525034177639,1.15977284190468
1,-0.783831693379379,0.208449635745395,0.801305194275688,1.85420247753838
1,1.92114841486556,-0.743353513712305,-1.51101618646447,-1.81506848781234
1,0.87970995998036,-1.11141241640298,0.235052411637472,-1.8852587922971
1,0.783910967004357,-0.840941102290338,0.246925855130935,-1.48587092166673
1,-0.158403842258751,-1.72713358094956,-0.821608733703993,2.45870249134023
1,0.737058589305871,0.0623938257741356,0.142875101915415,1.32764333589487
1,0.566951626480694,0.371566999389006,1.18670071755,-5.16285662480894e-05
1,-0.0407857050993298,-1.52398812110752,1.60872086113069,0.449140917496728
1,1.18969489940592,0.350848589249974,1.6635687484347,0.234446140212454
1,0.730366638164339,1.46417499095158,1.18894608425364,0.575157203245102
1,-1.24618099897966,-1.64758871649097,-0.541254407866426,-0.192162364047217
1,-0.532896352730814,1.09540099135711,-0.0230503509050789,-2.77663817156986
1,0.812121987071615,-2.31197330045219,-1.22470656445128,-0.109447633428815
1,-1.83526142213779,-1.67958170081089,-1.52775405077887,1.69203499717931
1,-0.258194791053683,0.227115999047097,0.620647349625073,0.67715321918234
1,-0.336334467111596,-0.612563858549625,0.891011785028294,1.18141765625144
1,-2.18587498846686,0.123592930017971,0.115671639947674,-0.152773079757581
1,-0.555362008898398,0.252927401094631,1.80088572740082,0.508440732726018
1,0.800009601755239,-1.03484228583809,0.346633049148579,0.250442425281433
1,-0.204654703329111,-0.418886579181146,1.76158881081516,-0.764849990290005
1,-1.35403105409549,-0.1410670096496,-1.69657701238,0.241457611629086
1,-0.791731314812845,0.740977976869949,0.72556180504849,-0.184751955906255
1,1.69121338352566,-0.136322408654043,-0.754520348690208,0.612113923898794
1,1.16913460967155,-0.237780323333671,3.23392725309321,0.269605759399965
1,-1.01258767205686,-0.370389065089275,0.818268935063809,0.802330873301411
1,0.085063068670477,0.0147584179337664,-1.02467001655092,-1.49349381569169
1,0.831411913483156,1.24047849912302,-0.283114087554897,-1.86121671415038
1,0.775998764555102,1.15010569644058,-0.716433580003259,0.499740320001726
1,0.617434048164473,0.603471847299659,-0.671867674237806,0.985402410900892
1,-0.213176639062919,0.394652964292378,0.297953756525496,1.31079863878015
1,-2.09493935191142,0.464047945416326,-0.0883718298715251,0.751456280315189
1,1.40255356029791,-0.567814635257036,-1.3776086840622,-1.40409322609819
1,0.803024451383084,-0.436299504760564,0.48172085649505,0.107164488251741
1,-0.256224318916129,0.0673681430028041,-1.60693762560569,0.489969759957785
1,-0.367808101417198,-0.314562658277915,1.20613868808085,-0.270561861893261
1,-0.3862094872355,1.55617086084543,0.820906835613603,0.765632344303473
1,-0.478941230494836,0.982065643216178,-1.8041357556065,1.20174435087636
1,0.945341670171789,1.04528566539958,0.797902700701895,2.92762115149567
1,0.63206061026787,1.09369572647589,-1.97898690754679,-0.462656096004742
1,0.0652716475535428,1.18469239532568,-0.0205619189665297,0.51548513005279
1,1.13243804840353,1.84804219027599,1.48909787831687,1.14113268608356
1,-0.230482115854953,0.609089262851377,0.221087493428735,0.71875804898474
1,-0.673183595906851,-1.70707402335487,-0.641667707022122,0.824106384459381
1,-2.27686578898085,1.57529832065466,0.00567877592886673,-1.42023997757858
1,0.0667521868136548,1.55731195811144,1.11059576384414,0.43648709708298
1,0.487222910990121,0.533303599935945,2.17093857079093,0.741162579213293
1,-0.48331632290427,1.31031372553839,0.741072703206949,0.563262490133216
1,0.50405120086089,1.13294956643583,-0.0971387755354633,0.0396870740952598
1,0.427396455512428,-3.20520423246854,-1.41005957597715,-0.45591038940928
1,-1.15736209407648,-1.08573450145543,0.0856020933667989,-0.852504666680581
1,1.10726619922984,1.63662700662986,-1.35533129630875,0.842544454718849
1,1.23481526177102,1.51216386432737,-0.25241317797376,2.33810331764292
1,-0.34523549644561,-0.274551535913454,-0.0709012777443904,-0.988837575570754
1,0.390006915363673,-0.846310371506921,-0.0899563722270467,-0.907465390779084
1,0.211681512661845,-1.61950947604941,-0.193993776298908,-0.762785481651398
1,0.837341484147131,-0.40764824319044,-0.536848295200047,-1.22756053359414
1,-1.16272681937275,-0.287304566700151,1.43347545969362,-0.428249821094265
1,0.236441501633211,-0.466109107648332,-1.09386814607517,1.55618827980853
1,0.303435087318881,-0.389960493686585,0.844034783499373,0.582606315500197
1,-0.482483348526153,-0.108405151799048,0.112120879626993,-1.27471864428287
1,0.0803262375283455,1.12373781904347,1.10485021804255,-0.587984115329303
1,-2.37133437821598,-0.153403961161783,-0.564472805962386,-0.0698961287526146
1,-0.795857552831306,-0.0692892729065411,1.36975723449873,-1.62258711248579
1,0.886236338318871,0.00603310136705649,0.725589743587177,-0.555576803187782
1,-1.61006127571067,0.383301305852966,-0.624411224578582,0.908098426416881
1,1.57902932690225,-0.864323260242349,-0.667319013965325,0.890356846953007
1,0.343842180839781,-0.129261071944926,0.977807280594571,0.726017884918755
1,0.093327227582406,-0.885397646396584,-1.25204200752575,0.627807167722512
1,-0.0456494132167435,1.9991599767197,0.0658011238424395,-0.471212502070031
1,-0.624454416111424,0.116341706168456,-0.356216238006282,-0.409935083196295
1,-0.310912446099967,-1.78395725224295,-0.18372506481685,1.17154904513368
1,0.0972382199935688,-0.608429791043422,-1.54497700067833,0.866894909895475
1,1.44109447540505,0.131818320522993,0.766422357985637,1.14029550979104
1,-0.473077068987487,0.676922391909222,2.0711034963913,-1.71224252428633
1,-1.1426094345439,1.40831620752147,1.21791175096744,-2.02981901987123
1,0.553849302123583,-0.994237146341598,0.193157296684883,-0.166194795377236
1,0.312076087355164,1.07313609945118,-0.297418077022332,-1.73485863499559
1,2.19971656174192,-1.67710670655691,-0.95860998204366,0.331591680154613
1,0.447220894714814,0.583828878693516,0.931665769446607,-0.115110149321814
1,1.67637688104725,-0.440008804593713,-1.84640336598527,1.47497085411157
1,-0.0751511641190061,-0.314461885658945,-0.334108143655087,-0.0632460783243886
1,0.799438885174258,0.991908991511875,2.7443120030921,0.0182403296613062
1,-0.0456140491521934,1.07618891756507,2.0673529083066,-0.629143028307789
1,0.387539163936688,0.00398099585588114,1.63401735164772,0.548856652857175
1,-1.99823099980984,0.0521004700544461,0.922804933164976,-1.6606020318454
1,-0.0910010990118927,1.58048944305803,-0.310870789260457,-0.221158320929659
1,0.977306121020584,-0.855579043672154,-1.10661143356703,-0.190270159411013
1,0.425092820929689,1.43613914642861,1.3115071914441,1.47722860141492
1,-0.419046210019987,-0.37603928384816,0.660774387252807,0.564626445719831
1,1.6305561646331,-0.108294424553683,-0.559092676470813,-1.8561284890734
1,1.59028634551963,0.367145895963222,0.0123569492237792,1.43122411562013
1,0.432968349889872,0.668871578017722,1.54003706873393,0.53972662998518
1,0.485152909630556,0.27068472295807,0.120274458510905,-0.299056428490084
1,-1.47916419336052,2.44173121441536,0.129764805223501,1.13515958244541
1,-0.659026216635051,0.924857282643178,0.802465082216323,-1.00533150670965
1,-1.1502460683838,1.28889815952708,-0.262216640147253,-0.959817624874859
1,-0.272314027482496,-0.256013635551068,1.04773779412731,1.99771595630444
1,0.314978595795027,-0.0515818889751679,-1.13236400158476,0.34020903141502
1,0.468196934917961,-0.95785501840843,0.448935362854217,-1.02352637166189
1,-0.894007055354643,-0.37868795449281,0.487447139325833,1.11959361395638
1,0.806186365551842,0.0539145940171904,-0.960206854136696,-0.993919774816779
1,1.45033895458778,0.78954001728597,-0.252141633560433,1.0755048126166
1,0.8430154921688,0.770397040086816,-1.32084474217455,0.626573881794533
1,-2.64542904165091,-0.0975641148268282,0.0164380613959874,1.91888531194902
1,-1.45579321023625,0.97027789459606,0.748480630809423,-0.446245732445253
1,0.143572570458743,0.142081016002252,-1.05975918820948,-0.236565958434925
1,0.245954784883846,-0.692641324814317,-1.90290997049672,1.52547565260549
1,-0.61322076007826,2.35036745431552,-0.258223562644371,0.885841351973339
1,-1.0686293385649,0.643780883982439,0.789793714416328,0.557616759928974
1,-0.912405025415602,1.66222721112926,0.11216156415408,0.0805364820074062
1,-0.115730910498515,-0.221748776562089,1.97479795825376,-0.163401335329759
1,0.740322206976916,1.17859496509623,0.360026078646621,-0.88778113558598
1,-0.948948570828376,-0.879282305206571,-1.18377073522294,-1.4752586547914
1,-0.206013440198675,-0.479973924463723,0.381595778193736,-1.13029265603298
1,-0.615562739871152,-0.410722129641573,-0.228032942056463,-1.96869864620286
1,0.462455833010114,0.588603258905646,-0.432061273135857,-0.634367145682092
1,0.614444309840791,-0.440516933635621,-2.24015016255739,-0.706568007009425
1,-0.472661638751697,0.757555494150196,-1.51882317902436,-0.0112579813963747
1,0.993689979524651,0.578544332309288,-0.531155310002998,1.21424880388136
1,-0.830212276460539,-0.494063994386457,0.714222997993702,1.53685023082599
1,0.694512967962579,1.29219125201741,-0.709658188503627,0.601327354130848
1,-0.17959100564028,0.335376045322562,0.260022682248655,-0.695307214659645
1,-0.156119646130321,-0.0406816699090824,-0.935682599202917,-0.799040260971002
1,0.0477626089376523,0.81001955728255,-2.19722058655018,-0.425330107406987
1,-1.73247245384944,0.750711887640605,-1.53620942110762,0.0653999791071489
1,-0.284199523287231,-1.76192536505024,-0.411374652474405,-0.100490032347024
1,-0.632298919391256,-0.39356468444247,-1.72370216854065,0.487249127812209
1,-0.595486681653342,0.340823650676176,0.936521662986783,-1.74730120909241
1,0.331980898196203,-0.864727162038728,0.650955835079052,-0.163999816813093
1,0.36493897766159,1.59583300062989,0.828373221798513,2.57841387329638
1,1.50457405361467,0.0832906256881834,-0.863481395449384,-0.618263171851713
1,-0.0957408248007692,-1.5636267263315,0.636718432615601,-0.770464910076285
1,0.811049610388885,-0.568621369141221,-0.276144399480656,-1.50744225195307
1,-0.629900603788582,0.614665833752863,0.5372568806152,0.266483515586623
1,-1.51501643032168,-0.445982965285065,-0.83493679363443,0.160153840342995
1,-0.420085761412326,-0.838739209067159,0.549175709139739,0.259538060568009
1,1.42694642595473,0.0346265939469562,-1.50541262563565,-0.249554306294278
1,1.19598912438077,0.527657042913879,0.223397370444554,-0.117290172883136
1,0.73873775660559,-0.0265140615989185,-1.14964538661777,0.171088803219651
1,0.17776126908624,0.235698926717378,0.408909503675518,-0.00926422926300496
1,-0.177394199642005,-0.139179846410092,1.91593666017406,-1.45370771062725
1,-1.98328674794775,-0.105081301503308,0.530627094111942,3.04546586117697
1,0.356626386964085,0.559979140626086,-1.18960690527995,0.177795672714101
1,1.82873812570021,0.010580500152258,-0.929685141194303,-0.841020313957907
1,0.154204643090573,-0.773124609702222,0.272808148975215,-0.799430668521746
1,2.56229395483817,0.443406441994299,0.502543615297825,-0.70435637976411
1,-0.583262210623292,1.0801308917716,0.10600763757269,1.6349880680048
1,-0.0363639605328836,-1.61941942085948,-1.49466478804617,0.0570965544256004
1,0.802026550038168,0.428624116168773,-1.33204555070061,-0.34649350494538
1,-0.521874660482421,-0.747291942718438,1.22242384828018,-0.671657696340854
1,0.194961974158569,-1.49609103946529,0.0913113139139232,0.840951608558666
1,-0.680809244892014,-1.83764790359441,0.525917633628759,0.785938494435494
1,-1.29992111461796,-0.2819946640727,0.293346787178798,1.9612632970347
1,-0.840237677332324,-1.56966644873662,1.44538747161082,1.28731939920479
1,1.59631521948576,-0.0300128534178989,0.980927448849547,-1.8339217101535
1,1.08079692886241,-0.299211189668967,0.453461882649017,-1.26933236584419
1,1.02255132973098,1.25307321962037,-0.0791161451348754,-0.427318127227199
1,0.497993419148124,2.59463651402835,0.112943192031372,0.796862012746705
1,-0.996707647149377,0.591759392361268,0.273139236734978,0.0358744723670853
1,0.620919612550697,1.58379322844593,0.490780037971009,0.29655693642894
1,2.27251630421342,0.934438706951192,1.09798428045463,0.804859141638407
1,-0.751908722512991,-0.0676775407280234,-0.0714958682988265,1.29499980158907
1,2.49894276730315,1.63158735634962,1.26773613619004,0.638589677993625
1,-0.544410489026642,0.00494928613816932,0.707711141133227,0.278401894989445
1,0.822715049076506,0.822250113488343,1.34637584422691,-0.180125399619088
1,0.538476956012484,0.197966422656579,1.13598986659473,0.325307208218508
1,-0.541276994622937,-0.54790429562448,-0.475228380964533,1.64880126414542
1,0.477500746363447,-1.45265858098109,0.617499523042776,2.18451478623947
1,1.10963265093711,1.07104013878188,-0.190500097425458,-0.169922942561407
1,1.04110349159995,0.854993945506464,-1.31916311390525,-1.13588595721879
1,-0.855432680874207,0.107237862031412,0.712456533114101,-0.729754236286133
1,-0.485276571409977,0.579695068547515,-0.397616241866745,-0.571667441742131
1,0.778032051318703,-1.63050880087887,-0.0349065294975837,-0.0836113336524854
1,0.33008285659228,1.0976809947864,-0.352626199631374,0.732482576640935
1,-0.567397651199435,0.866190065056765,1.16662358724269,1.11168638653169
1,0.560607892048279,0.640791095559336,1.75624247192321,-0.469236272686346
1,-1.00067666845746,-0.380305259634653,-1.97180474189348,-0.985367110140008
1,-0.433786640219164,-1.84300381367311,0.835434240397548,0.667114228163138
1,-0.308951025473613,-0.471310219931732,-0.999091649292764,-0.319832379293355
1,0.287905714862648,-0.41492837444591,-0.189020905347127,-0.43672392402073
1,-1.2080318974186,-0.145581826728005,-0.386195794780644,0.0221070627782596
1,-1.47007248720772,-0.0364817124946223,-0.913443209908916,0.966706768325077
1,0.421512931656342,0.0561052262951675,-1.10070746354311,-0.221515625509625
1,0.206972109025088,-1.12883073007742,-0.560453385128819,0.60726189450624
1,1.47675927394079,-1.11694857495032,-0.509745813708267,1.31258568075775
1,-1.01723661281092,-0.592101340957932,-1.26517045468118,0.0323080780124562
1,0.333650769777949,0.576253734418028,-0.227098344550106,-2.0490321115224
1,2.05627247962211,0.304843708880348,-1.42682830479365,-0.198500021841782
1,0.05223269962354,0.642014400208281,-0.692423171017712,0.192854840298582
1,-2.46457017139527,-0.0874897133255798,2.34702401934601,0.238761692189642
1,-1.50101240381604,-0.564228779610458,1.44167317174532,0.587180682541547
1,-0.515854692011153,0.906425543370274,0.261727128149911,-0.117779793567723
1,-0.0511835932610108,1.31049165891424,-0.717724207423509,-0.977019798316768
1,0.209620552322036,-0.232668455958718,-1.40926388964891,0.414481156873928
1,-0.169714947446287,-1.22080569082894,-0.880675387843768,0.0909005001431524
1,1.32282811042446,1.06567711502043,-0.813861095110052,0.886088640331747
1,0.481986711808175,-0.847640527743619,-0.0348289636579922,1.0597864134299
1,-0.0433907268858318,-0.919350741759042,-1.65969066047566,-1.23825731348658
1,-0.10839512768552,-0.345824681067009,0.0561929777177559,1.4368651951889
1,-0.213344071505456,-0.223658681207238,-2.59798247316406,0.852135222306941
1,-0.784347139004453,-0.342345879755088,-0.712248712183127,1.01576284293211
1,1.01903594444554,-1.01776197907627,0.407874577287249,-0.486761860415373
1,-1.0495616738699,-1.81136312946576,1.08006750333088,0.582195623974472
1,-0.782267721752726,-0.0406556198754972,-1.27020247108497,-0.299591258354607
1,2.50814947413769,0.954638699936592,0.267242545670265,1.67208665036904
1,-1.09541831127496,-0.0786577931367052,-0.258836006541207,-0.770023089633566
1,0.377992568822642,1.08123012947141,-0.40255629697226,-0.42894817620816
1,-1.3966269636313,-1.98763465022174,2.75474488686983,-0.318234814101563
1,1.28826955701344,1.63103919006146,-0.094487537305654,0.858081924685971
1,-1.00258723030567,-1.64505820008586,0.604554729214637,-0.645330369691339
1,-0.548100249954231,-1.7988958410955,-1.04780599720605,1.76430419140636
1,0.102871950587253,-0.72547155726606,0.274617886500543,1.78834232033185
1,-0.97899070794712,2.6143930400226,-0.761683853462228,-0.545535986928307
1,-1.5112945259263,-0.995613576071889,0.274637055528632,-0.579410155173868
1,-0.401609954917936,-0.150789231214275,-0.113437408487689,0.285780914372539
1,-1.01773966943807,1.52823814051769,-0.545488778391545,0.19492959155281
1,-0.608863975125368,-0.533895209962072,-0.449462397103196,0.964837325651752
1,1.06098095305527,1.63312914231681,-0.280994065244657,1.10144649676097
1,-1.52946412285744,1.61757344019125,0.424325896855666,-0.908734348418269
1,0.0191943489199661,-0.0300988282571344,0.528547958925626,1.13517900000975
1,-1.20213496106427,-0.689345382087674,-0.686620309019291,-3.0020745842579
1,0.266050497972012,-1.08608698826424,-0.936810526884439,-0.257739178326487
1,0.584222461725918,-0.304275849729211,-0.599472695403959,-0.823637587366053
1,-0.207318168857857,0.143003574704616,1.28383489472946,0.686451966211831
1,-0.0452247054583535,-1.64890726704915,0.205515597804621,1.59590093535812
1,-0.133973597365617,0.388303857631159,0.171158845842135,-0.986127798645487
1,1.06134476512187,-1.84973132794455,0.861441482097132,-0.169299634169213
1,0.27912609904019,0.153335434566176,-0.047532807255723,1.68149419390496
1,-0.511944611829831,-1.2724529900344,-0.666877192130557,-1.09630155752579
1,0.35255621786413,-0.756296450214892,-0.531423772799122,-0.908005941763604
1,0.158124260507917,-0.319818730537307,-1.00289268118666,-0.419720380250394
1,1.74091334064623,-1.65081033602829,-0.906258926395067,-1.29162150989386
1,-1.0951171684395,0.512174701854521,-0.0794217848639551,0.298534821310416
1,-1.26503757226485,-0.127851402206021,-0.25169775644283,-0.91283299358425
1,-0.445637819636598,-1.29695103301443,0.182783192003536,0.493286299908212
1,-2.40674467841483,0.481258012462993,-0.594278091847864,0.151269163532507
1,-0.187487907576251,-0.59281318305079,-0.124130296400043,0.64056384700074
1,-0.5509102365231,-0.0955098622891037,0.923754431568874,-1.53101864291409
1,1.07045685571397,0.9989350431501,0.643217250679274,0.460555148174942
1,2.19180653699445,-0.0650139306462368,-0.330254809713075,1.11173378868062
1,-1.06537302542608,1.13036559812007,-0.325837563907436,-0.434404407410308
1,-0.422378831777564,-0.988232729080563,-1.39170719121034,-0.301410398348264
1,-0.608285584574392,0.00918960070295877,0.175500641884315,-1.0096613871311
1,0.870100792277075,-2.35112346001083,0.726128837115027,0.91798737062548
1,0.683903028177928,0.468063678328122,-2.17099699866986,1.04664551294649
1,-0.182488448206307,-0.614490614701171,-1.15146255081003,-1.0903220675059
1,0.862204686344218,-0.477225768000796,1.27891354535477,-0.372339595052814
1,-1.61246119722908,-2.47314664088031,-1.05412903777325,0.621146615121414
1,1.12736255201082,2.38676794475652,-0.125164656556844,0.507214586061888
1,-0.188871988292922,0.247554525643017,0.318032065260085,-0.948961562807469
1,0.460405618077791,0.618333957112178,-0.0651932196105964,-1.53825414158646
1,1.72414397818009,-1.12033984264305,0.116839376968525,-0.282780292021253
1,-0.0123035917284506,1.10101300815236,0.0595780045863847,0.654609552980901
1,0.157665904493202,0.350860328410493,-0.851722710571206,-0.705986262140053
1,1.76061644106828,-0.515837685579882,-1.51204353475434,1.08966829350927
1,-0.161592182359642,0.0748894276741895,-0.762430674670549,0.67107008935967
1,-0.106396973244924,0.690748702836359,0.17738539549253,-0.326930376633631
1,-0.181981835758466,1.65891354421025,0.648393643712118,0.425459920808039
1,0.284814630174626,-0.92085440022941,0.0915975314477832,0.0536099737553262
1,-0.405656719184282,0.142767142803739,0.0601212054923647,0.379581667508066
1,0.126154681582001,-1.66882355571693,0.168547639100105,-2.19382992163305
1,1.60660277702495,-1.5189019925044,0.248297848568744,-0.362625725427271
1,-0.748930507961901,-1.30792143725031,-0.876880526231216,-1.58738956592002
1,0.110348724300585,1.0658707922768,-0.541893969604798,-1.57217479683751
1,-1.85497107328358,0.860401624491004,0.842247661203315,0.289667077319758
1,-1.27164026558244,-0.305077363174972,0.726530905863358,-1.5550451815356
1,0.310364698312341,1.2438923029592,-0.327274546583433,0.82871000895495
1,0.365081919360741,-1.0603254316542,0.763856521899393,-0.774804982194978
1,-0.503427929401628,-0.675833562989392,-1.06628023377087,-0.0856244154607601
1,0.943536230963682,0.997153504875167,-0.45744799919051,1.19800795223856
1,-0.532953824531852,0.869930380127461,0.751608739628317,-0.0238886213340498
1,-0.33262752169165,-1.0416441732591,1.9415515492778,0.0176835116452161
1,1.30302801164811,-0.0582259192407836,-0.220226390602002,-0.691488126672997
1,-0.54244276375802,1.45151573471256,0.802443679986144,-1.17171082485299
1,-1.53773310697795,-1.59757869906881,-0.144239170378113,-1.63553891189039
1,0.294920233030396,0.392712762849947,-2.10599736626986,-0.172978157388712
1,1.31026344230619,-1.22774584497675,0.753628127012845,-0.478706870487726
1,1.79272874084034,0.161351275117269,0.983934191347968,0.580785882402675
1,-1.07403794006809,0.157645754279124,-1.72004087690681,0.0867856769522989
1,0.60804760786521,-0.385239753257587,1.11316120120021,1.01883556446415
1,-1.11340881034364,0.737438120960307,0.321847119525972,-0.272005761344095
1,-0.41645019847134,-0.053962021235814,0.0677815789896923,-0.23641266092891
1,0.848204025919841,1.44936259003058,-0.909950336427297,-0.412501709161164
1,-0.608508445250072,0.348875453883081,-0.581997485297776,-2.41932094527272
1,-0.627879984596709,-0.303152041073378,0.323709885583486,0.347757280914248
1,0.700974964074194,0.438231650971087,-0.559833908225584,-0.318279011603989
1,0.216849066814287,1.59448598740381,0.758893942534921,-0.777616210520923
1,0.360524993835204,-0.820880272451805,-0.276483212813409,1.1772118989999
1,-0.347709772514655,0.560432871976984,-0.12702847134028,1.19789244303971
1,-1.61046176456079,1.029443548272,-1.36362121708571,-0.0616660047362662
1,-1.24400630631393,0.110212294046195,0.265108872398236,-0.38509995193982
1,0.282752537074254,0.0846494026728884,-0.750712493869518,-1.33101172592696
1,2.64079329376673,-1.46973398123886,-0.648800650580731,0.018782224957175
1,0.265064592917436,2.3291192236205,-1.86816674016685,-0.600582146081715
1,-2.10968974465307,-0.00724621321501784,-0.123314452276529,-1.64512070783184
1,1.75141223070736,-0.977209718765826,0.000557516986177583,0.0923923889431765
1,-1.90656431199383,0.0338851714046781,0.874319652710467,-0.764694255920084
1,-0.069675691591172,-0.753722515028565,-0.332015212958778,-0.164091599828162
1,0.0320110679120094,1.39453515825588,-1.01040967252682,-0.463612275385002
1,-0.407762473122961,-1.30308121416504,0.986686121040797,-0.892599007313914
1,0.1476567421731,-0.513473121309892,-0.426442385277043,-0.149426510087612
1,1.1929100691092,-0.500074818699649,-1.04159629939311,-1.03559779516132
1,-1.34988277994674,0.212546935324737,1.44974213359838,-0.0642155692745499
1,0.152882613106552,0.502400275956869,-1.56215772207514,0.286146470526501
1,-0.336551205777629,0.946852842258338,-1.13273547165054,0.988025901678248
1,-1.05351543774687,-1.33350405373669,-1.06096159696687,-1.45571518511253
1,1.43272028948084,-0.727981053121741,0.275774886399461,0.862747078156494
1,1.17977933742148,2.81867794559594,0.817637167525194,-0.344247998570212
1,-1.12457690308628,1.29519007120794,0.816179504316367,-0.292930043160711
1,0.608976649003124,-0.00892328218250059,-0.892973201154437,-0.332148936690395
1,-0.10178065259522,-0.0180813800078574,0.89727476661456,0.0674780360372166
1,-1.19208031481287,-0.377201505852779,0.273045326578731,1.28166417241777
1,-1.25203127151286,-0.358481835125715,-1.77492124146338,-0.41135112621862
1,0.989479213539245,0.554323897888518,-0.727343574668132,0.551300539319025
1,-2.08125218303969,1.20175475405651,0.0893671114345559,-0.142409540668513
1,0.282497845341926,-0.530439117163094,-0.873340578889439,0.103313556431254
1,-0.848158099393244,1.17299422548511,-0.0780678746980095,-1.77250196217049
1,0.895071021829102,-2.11128555817334,0.748358188370525,-1.25052129002609
1,0.346373009711533,0.280263529674256,1.07942097604944,-0.84694110688144
1,0.0763071000888312,-0.576939860537992,0.363256402385687,-1.24511017767218
1,-1.43898487928893,2.34868545638662,-0.0743007155080608,0.234275288004724
1,0.677358545383029,1.36324265235224,-0.242059155809122,-0.791261272399252
1,-0.460070843350301,-0.659524946176938,-0.577263801704161,0.611999897173326
1,-0.297662255246388,1.62929435722616,0.133159289686112,-0.338796497016519
1,-1.67742891182985,-1.05243146155883,0.892869694520773,-1.56156645221589
1,0.547081746992311,-0.566839280074719,0.512790600551852,-1.31615849814258
1,-0.374666131910429,0.823113438410416,-0.328463750942198,1.65437561732111
1,1.3630052229277,-0.945957287117749,-0.808697577741322,1.3865606083691
1,1.1384382935221,0.363449115016856,0.874673625404456,1.90787936255342
1,0.828459045228097,-0.607121614612709,0.278627057578846,0.486912842347233
1,0.17820229965791,-0.0431585428093378,-0.77528054091382,-0.0776784529116888
1,-0.0573666674488673,-1.01213765864621,1.020253756184,-0.453484357687486
1,0.543416227733503,0.831471114058726,-1.02920806164191,-1.13305567665342
1,1.01995655691636,-1.42245287814217,-1.30476809101363,1.05494716962968
1,2.44265861366881,0.321555253228744,-0.48809972707528,0.422218691351546
1,0.0675087770971714,1.57258325354675,1.71041244692443,-2.32928493114412
1,0.414964060532513,2.55087772591818,0.271327377701564,1.28185741631249
1,-1.13832883595505,0.474934620957121,0.317795679591037,0.168310118185998
1,-0.03558142237821,0.888222043839365,0.023944249526489,0.00609673861585897
1,-1.36244894380429,-0.869671425087063,0.591676444924557,-0.24234127229227
1,-0.0579821555083204,-0.666712807498925,-0.627611689492348,-0.670074844093229
1,-0.0289244311686053,-0.119528890254944,-1.12389376609248,-0.943700011558075
1,-0.234274141052746,-0.24587273844168,-1.55472609084235,0.667108091344155
1,-1.12410628914547,-0.683235591715608,-0.352636210969645,-0.693841807279363
1,-0.346794318734704,1.81057760088505,-0.489132084107495,0.987319907387286
1,-1.55549263266125,0.00178392538385858,-1.46361137518136,0.168894925790769
1,0.745718989044655,0.429073229490095,0.755693504335127,-1.03019600561787
1,-1.40236625204925,-1.39967020157291,0.0620082017401469,-1.20876052027769
1,1.03452888248418,0.6179227197287,-0.939224053737439,-0.0121609295561422
1,0.339098267806853,0.852051350714831,1.24834025256868,-0.698230863755595
1,-0.225162246112131,1.05618470105569,1.08832325465648,1.52033728555217
1,1.18449463618937,0.330000907484989,0.889292066573845,-0.156914628556643
1,-1.87824633694836,-0.170060448339058,0.430397587884616,-1.35500378722712
1,1.65510155080365,0.245354303312699,1.37158094948664,0.828269215016128
1,0.0535237972851215,-0.254208295065859,0.65763376246437,-1.76823922270359
1,-1.49054585575401,1.61363254688017,-0.14018490128676,-0.244022130244855
1,1.2669998813785,-0.133088307592383,0.83748650243181,-0.555599004148989
1,-0.616133576529007,-0.469708706738807,1.17256774026986,-0.00478398668965131
1,1.13283450085095,-0.856764908662668,0.138714331633377,1.08728556288531
1,-1.54494710257143,0.393620135224728,0.249757791041678,-0.956249588164449
1,0.303250520911625,0.217105163174564,1.75124312983743,1.83510408450302
1,-1.07133340553481,0.629850852449585,-0.748528212720528,-0.5595927981797
1,-1.31897874089734,-0.0861423549840821,-0.778265109181328,-1.72339670625494
1,-0.572208311584664,0.510724803648578,0.806805693004864,-1.436487910697
1,-0.937281209166822,1.0901409879895,-0.110674548928693,1.23502066333521
1,-1.77717606036867,-0.602644581101819,-0.455760065635946,0.096933776890992
1,0.153200038677053,1.18014560385393,0.112509543852138,-0.342702255943108
1,-0.172217762539059,1.17298467344407,1.10294313114441,0.25123207408301
1,0.873179053203305,-0.551354444143111,0.961687247139312,-1.0473992095142
1,0.938639493476852,0.0934572757166152,-0.405520512965649,0.523570213648692
1,1.08990753034509,-1.90202010307572,1.46486933884145,0.0267685958750014
1,0.698069186432895,0.926986349431676,0.733829588196542,-0.204473912899266
1,-0.566352589092134,1.07274311061809,0.57948116459812,0.655901131552005
1,-1.4273385279166,0.250895419618632,0.695627662561057,-0.215253715277097
1,0.883572568862042,0.684711961545375,0.256154071240788,-0.229834640285575
1,-1.7976447397815,-0.46199072690478,-0.0377660666162295,-1.35197285168036
1,0.141804684293928,0.0774547312836135,0.0303086836992967,2.16868487330158
1,0.371091083398383,-0.0949833399066965,-2.00690335548781,0.268613804043661
1,-0.415844629139391,-0.185232684782116,0.413247000208243,-1.65280175972289
1,0.62429219189109,0.535519020569284,-0.272054819895566,-0.165660145732564
1,1.35226949586845,0.229929353301126,0.269085729567553,0.464095434880737
1,-1.89792890431574,1.99998442677202,1.8874777221897,0.600934950334988
1,1.47049714407155,-1.43014814223777,-0.311831711619208,-0.158885444780416
1,-0.273865854940311,0.616661812976165,0.212217282896031,0.228238487477639
1,-0.407754799259697,-0.471704123260395,-1.19408360916296,-1.32961029824938
1,-2.43744548207709,0.0722839255716836,0.396282432860872,-0.632382250020217
1,1.15022269390488,-0.587401071715987,1.18897038845574,-0.453464447393615
1,-0.845571221947472,-0.679188625920481,-1.65395663940237,-2.00706011416309
1,0.21444647499418,0.0120267867547015,-0.856061909972068,-0.411967169817263
1,-0.394987884986542,-1.23720266110645,0.667247864711419,0.307458514734479
1,-0.0607789532301288,-0.45831778457529,0.10436011619059,-1.13713422285524
1,-0.216594154967782,1.00179492141943,0.854609788204405,0.0367436784937078
1,-0.135722879201289,-0.0483043281663379,-0.167281642795612,1.1132221225967
1,-0.892034458479786,0.642364768739569,0.111496276716513,0.404483032461327
1,0.3805765745114,2.21161093803005,0.624055735277865,-1.55047247665899
1,-2.49014482269493,-1.07251826159453,-0.643561970984059,-1.95234687740158
1,-0.923607847151348,-0.358749690456966,-1.50415817973269,0.0778130376070094
1,0.76842458598188,1.0976580152278,-0.688904482648747,0.85735749495735
1,0.879916817750057,-0.88806512408807,-0.972103209105121,-0.00761099244202709
1,1.90769275068766,-0.561264480539424,-1.78049771767701,1.12509358735286
1,0.647174363761873,-1.52209927283551,0.297914603971939,0.423566557281511
1,-0.481785412978534,-0.256262836384071,3.47970586475655,-0.821466347188892
1,0.342430569073774,-2.27027238289087,-0.137584640283193,0.51661250384289
1,-0.220261404119745,-0.515254723703246,-1.19128259865281,0.689770610226526
1,0.493922273258913,-1.20251182710983,-0.473871461107285,-0.909403656061493
1,-0.213160970069254,-0.329121395285377,1.65386706125145,-1.3114765157595
1,0.333191156509113,1.05305388074655,-0.234288894527981,-0.477155635427447
1,0.389826875253797,0.487557111970803,0.234630516514165,-0.197100659084261
1,0.448750953743038,1.74783159548512,0.799590553723951,-1.64025483661365
1,0.123263368432748,-0.876702905851237,-1.16952695655344,-0.271673530711602
1,-0.687494286286374,-0.105656800098898,-1.3038338323957,-0.691053630312208
1,0.436372772513857,-0.904471367581512,0.744277259321902,1.19304071083745
1,1.38947747739639,0.72190803675367,-0.944914137998119,-1.27083631553899
1,-0.0449058770817049,0.218315884751454,0.662604170557153,0.452062050108439
1,0.644873674287375,-0.665044244559672,0.951373159760763,-0.167387223520787
1,1.02353278808059,-0.84671400341811,-0.885052302200373,1.27581245378662
